order_id,customer_id,product_name,category,price,qty,amount,order_date,signup_date,image_index
1,C0,Electronics item 42,Electronics,46000.0,1,46000,2026-01-17,2026-01-16,42
2,C0,Beauty item 22,Beauty,30000.0,2,60000,2026-02-09,2026-01-16,22
3,C0,Electronics item 47,Electronics,51000.0,1,51000,2026-03-05,2026-01-16,47
4,C0,Electronics item 36,Electronics,40000.0,2,80000,2026-03-28,2026-01-16,36
5,C0,Sports item 31,Sports,,2,74000,2026-04-20,2026-01-16,31
6,C0,Electronics item 43,Electronics,47000.0,1,47000,2026-05-13,2026-01-16,43
7,C0,Sports item 24,Sports,30000.0,2,60000,2026-06-06,2026-01-16,24
8,C0,Sports item 34,Sports,40000.0,3,120000,2026-06-29,2026-01-16,34
9,C0,Beauty item 13,Beauty,21000.0,3,63000,2026-07-22,2026-01-16,13
10,C0,Electronics item 46,Electronics,50000.0,1,50000,2026-08-14,2026-01-16,46
11,C0,Sports item 29,Sports,35000.0,3,105000,2026-09-07,2026-01-16,29
12,C0,Electronics item 37,Electronics,,3,123000,2026-09-30,2026-01-16,37
13,C1,Beauty item 22,Beauty,30000.0,3,90000,2026-02-11,2026-02-10,22
14,C1,Electronics item 41,Electronics,45000.0,2,90000,2026-03-03,2026-02-10,41
15,C1,Home item 3,Home,13000.0,3,39000,2026-03-22,2026-02-10,3
16,C1,Home item 5,Home,15000.0,2,30000,2026-04-11,2026-02-10,5
17,C1,Sports item 24,Sports,30000.0,1,30000,2026-05-01,2026-02-10,24
18,C1,Sports item 35,Sports,41000.0,1,41000,2026-05-20,2026-02-10,35
19,C1,Electronics item 38,Electronics,42000.0,3,126000,2026-06-09,2026-02-10,38
20,C1,Beauty item 21,Beauty,29000.0,1,29000,2026-06-28,2026-02-10,21
21,C1,Sports item 31,Sports,37000.0,2,74000,2026-07-18,2026-02-10,31
22,C1,Sports item 26,Sports,32000.0,3,96000,2026-08-07,2026-02-10,26
23,C1,Electronics item 46,Electronics,,1,50000,2026-08-26,2026-02-10,46
24,C1,Sports item 31,Sports,37000.0,2,74000,2026-09-15,2026-02-10,31
25,C2,Beauty item 20,Beauty,28000.0,1,28000,2026-03-27,2026-03-26,20
26,C2,Electronics item 46,Electronics,,2,100000,2026-04-12,2026-03-26,46
27,C2,Home item 5,Home,15000.0,1,15000,2026-04-28,2026-03-26,5
28,C2,Electronics item 47,Electronics,51000.0,3,153000,2026-05-13,2026-03-26,47
29,C2,Home item 7,Home,17000.0,1,17000,2026-05-29,2026-03-26,7
30,C2,Beauty item 13,Beauty,21000.0,3,63000,2026-06-14,2026-03-26,13
31,C2,Electronics item 39,Electronics,43000.0,3,129000,2026-06-30,2026-03-26,39
32,C2,Sports item 35,Sports,41000.0,3,123000,2026-07-16,2026-03-26,35
33,C2,Electronics item 46,Electronics,50000.0,3,150000,2026-08-01,2026-03-26,46
34,C2,Sports item 35,Sports,41000.0,1,41000,2026-08-16,2026-03-26,35
35,C2,Sports item 30,Sports,36000.0,3,108000,2026-09-01,2026-03-26,30
36,C2,Beauty item 16,Beauty,24000.0,2,48000,2026-09-17,2026-03-26,16
37,C3,Home item 0,Home,10000.0,3,30000,2026-01-23,2026-01-22,0
38,C3,Home item 5,Home,15000.0,3,45000,2026-02-14,2026-01-22,5
39,C3,Beauty item 14,Beauty,22000.0,2,44000,2026-03-08,2026-01-22,14
40,C3,Home item 1,Home,11000.0,2,22000,2026-03-30,2026-01-22,1
41,C3,Sports item 24,Sports,30000.0,1,30000,2026-04-21,2026-01-22,24
42,C3,Electronics item 37,Electronics,41000.0,1,41000,2026-05-13,2026-01-22,37
43,C3,Electronics item 46,Electronics,50000.0,2,100000,2026-06-04,2026-01-22,46
44,C3,Beauty item 23,Beauty,31000.0,3,93000,2026-06-26,2026-01-22,23
45,C3,Electronics item 42,Electronics,,2,92000,2026-07-18,2026-01-22,42
46,C3,Electronics item 47,Electronics,51000.0,2,102000,2026-08-09,2026-01-22,47
47,C3,Electronics item 41,Electronics,45000.0,1,45000,2026-08-31,2026-01-22,41
48,C3,Beauty item 22,Beauty,30000.0,2,60000,2026-09-22,2026-01-22,22
49,C4,Beauty item 15,Beauty,23000.0,2,46000,2026-04-06,2026-04-05,15
50,C4,Electronics item 46,Electronics,50000.0,3,150000,2026-04-21,2026-04-05,46
51,C4,Home item 11,Home,21000.0,3,63000,2026-05-07,2026-04-05,11
52,C4,Beauty item 19,Beauty,27000.0,2,54000,2026-05-22,2026-04-05,19
53,C4,Home item 3,Home,13000.0,3,39000,2026-06-06,2026-04-05,3
54,C4,Electronics item 38,Electronics,42000.0,2,84000,2026-06-22,2026-04-05,38
55,C4,Sports item 31,Sports,37000.0,3,111000,2026-07-07,2026-04-05,31
56,C4,Home item 4,Home,14000.0,2,28000,2026-07-23,2026-04-05,4
57,C4,Home item 10,Home,20000.0,1,20000,2026-08-07,2026-04-05,10
58,C4,Sports item 26,Sports,,2,64000,2026-08-22,2026-04-05,26
59,C4,Sports item 25,Sports,31000.0,1,31000,2026-09-07,2026-04-05,25
60,C4,Electronics item 38,Electronics,42000.0,1,42000,2026-09-22,2026-04-05,38
61,C5,Beauty item 12,Beauty,20000.0,3,60000,2026-03-01,2026-02-28,12
62,C5,Electronics item 44,Electronics,48000.0,3,144000,2026-03-19,2026-02-28,44
63,C5,Beauty item 21,Beauty,29000.0,1,29000,2026-04-06,2026-02-28,21
64,C5,Electronics item 39,Electronics,43000.0,3,129000,2026-04-23,2026-02-28,39
65,C5,Home item 11,Home,,1,21000,2026-05-11,2026-02-28,11
66,C5,Home item 1,Home,11000.0,1,11000,2026-05-29,2026-02-28,1
67,C5,Home item 2,Home,12000.0,3,36000,2026-06-16,2026-02-28,2
68,C5,Beauty item 17,Beauty,25000.0,1,25000,2026-07-04,2026-02-28,17
69,C5,Electronics item 45,Electronics,49000.0,3,147000,2026-07-22,2026-02-28,45
70,C5,Home item 2,Home,12000.0,3,36000,2026-08-08,2026-02-28,2
71,C5,Beauty item 17,Beauty,25000.0,1,25000,2026-08-26,2026-02-28,17
72,C5,Home item 5,Home,15000.0,1,15000,2026-09-13,2026-02-28,5
73,C6,Electronics item 44,Electronics,,3,144000,2026-03-03,2026-03-02,44
74,C6,Sports item 32,Sports,38000.0,2,76000,2026-03-22,2026-03-02,32
75,C6,Electronics item 36,Electronics,40000.0,2,80000,2026-04-10,2026-03-02,36
76,C6,Sports item 34,Sports,40000.0,2,80000,2026-04-29,2026-03-02,34
77,C6,Sports item 31,Sports,37000.0,2,74000,2026-05-18,2026-03-02,31
78,C6,Electronics item 37,Electronics,41000.0,3,123000,2026-06-06,2026-03-02,37
79,C6,Home item 0,Home,10000.0,2,20000,2026-06-26,2026-03-02,0
80,C6,Electronics item 41,Electronics,45000.0,1,45000,2026-07-15,2026-03-02,41
81,C6,Sports item 35,Sports,41000.0,2,82000,2026-08-03,2026-03-02,35
82,C6,Sports item 35,Sports,41000.0,3,123000,2026-08-22,2026-03-02,35
83,C6,Beauty item 18,Beauty,26000.0,1,26000,2026-09-10,2026-03-02,18
84,C6,Electronics item 38,Electronics,42000.0,2,84000,2026-09-29,2026-03-02,38
85,C7,Beauty item 18,Beauty,26000.0,3,78000,2026-02-02,2026-02-01,18
86,C7,Home item 2,Home,12000.0,2,24000,2026-02-23,2026-02-01,2
87,C7,Electronics item 43,Electronics,47000.0,1,47000,2026-03-15,2026-02-01,43
88,C7,Home item 11,Home,21000.0,1,21000,2026-04-05,2026-02-01,11
89,C7,Home item 4,Home,14000.0,2,28000,2026-04-26,2026-02-01,4
90,C7,Sports item 29,Sports,35000.0,2,70000,2026-05-16,2026-02-01,29
91,C7,Home item 11,Home,21000.0,3,63000,2026-06-06,2026-02-01,11
92,C7,Electronics item 41,Electronics,45000.0,2,90000,2026-06-26,2026-02-01,41
93,C7,Beauty item 21,Beauty,29000.0,3,87000,2026-07-17,2026-02-01,21
94,C7,Home item 0,Home,10000.0,1,10000,2026-08-07,2026-02-01,0
95,C7,Electronics item 45,Electronics,49000.0,2,98000,2026-08-27,2026-02-01,45
96,C7,Sports item 24,Sports,30000.0,1,30000,2026-09-17,2026-02-01,24
97,C8,Beauty item 12,Beauty,20000.0,2,40000,2026-04-04,2026-04-03,12
98,C8,Sports item 32,Sports,38000.0,1,38000,2026-04-20,2026-04-03,32
99,C8,Sports item 25,Sports,31000.0,2,62000,2026-05-06,2026-04-03,25
100,C8,Home item 1,Home,11000.0,2,22000,2026-05-22,2026-04-03,1
101,C8,Electronics item 36,Electronics,40000.0,1,40000,2026-06-07,2026-04-03,36
102,C8,Beauty item 19,Beauty,27000.0,1,27000,2026-06-23,2026-04-03,19
103,C8,Sports item 33,Sports,39000.0,2,78000,2026-07-08,2026-04-03,33
104,C8,Electronics item 42,Electronics,46000.0,3,138000,2026-07-24,2026-04-03,42
105,C8,Sports item 29,Sports,35000.0,1,35000,2026-08-09,2026-04-03,29
106,C8,Sports item 32,Sports,38000.0,2,76000,2026-08-25,2026-04-03,32
107,C8,Beauty item 12,Beauty,20000.0,1,20000,2026-09-10,2026-04-03,12
108,C8,Home item 11,Home,,3,63000,2026-09-26,2026-04-03,11
109,C9,Beauty item 19,Beauty,27000.0,2,54000,2026-01-05,2026-01-04,19
110,C9,Electronics item 40,Electronics,44000.0,3,132000,2026-01-29,2026-01-04,40
111,C9,Sports item 25,Sports,31000.0,1,31000,2026-02-23,2026-01-04,25
112,C9,Beauty item 16,Beauty,24000.0,1,24000,2026-03-19,2026-01-04,16
113,C9,Electronics item 37,Electronics,41000.0,2,82000,2026-04-12,2026-01-04,37
114,C9,Electronics item 40,Electronics,44000.0,2,88000,2026-05-06,2026-01-04,40
115,C9,Electronics item 43,Electronics,47000.0,3,141000,2026-05-31,2026-01-04,43
116,C9,Beauty item 14,Beauty,22000.0,3,66000,2026-06-24,2026-01-04,14
117,C9,Sports item 34,Sports,40000.0,3,120000,2026-07-18,2026-01-04,34
118,C9,Sports item 28,Sports,34000.0,2,68000,2026-08-11,2026-01-04,28
119,C9,Beauty item 21,Beauty,29000.0,2,58000,2026-09-05,2026-01-04,21
120,C9,Beauty item 19,Beauty,27000.0,2,54000,2026-09-29,2026-01-04,19
121,C10,Home item 5,Home,15000.0,1,15000,2026-01-31,2026-01-30,5
122,C10,Beauty item 13,Beauty,21000.0,2,42000,2026-02-21,2026-01-30,13
123,C10,Sports item 26,Sports,32000.0,2,64000,2026-03-14,2026-01-30,26
124,C10,Electronics item 42,Electronics,46000.0,1,46000,2026-04-04,2026-01-30,42
125,C10,Electronics item 41,Electronics,45000.0,1,45000,2026-04-25,2026-01-30,41
126,C10,Home item 9,Home,19000.0,2,38000,2026-05-16,2026-01-30,9
127,C10,Sports item 32,Sports,760000.0,2,76000,2026-06-07,2026-01-30,32
128,C10,Home item 4,Home,,3,42000,2026-06-28,2026-01-30,4
129,C10,Sports item 32,Sports,38000.0,2,76000,2026-07-19,2026-01-30,32
130,C10,Beauty item 16,Beauty,24000.0,3,72000,2026-08-09,2026-01-30,16
131,C10,Beauty item 21,Beauty,29000.0,2,58000,2026-08-30,2026-01-30,21
132,C10,Sports item 34,Sports,40000.0,1,40000,2026-09-20,2026-01-30,34
133,C11,Beauty item 20,Beauty,28000.0,1,28000,2026-02-12,2026-02-11,20
134,C11,Electronics item 38,Electronics,42000.0,3,126000,2026-03-03,2026-02-11,38
135,C11,Sports item 25,Sports,31000.0,2,62000,2026-03-22,2026-02-11,25
136,C11,Electronics item 47,Electronics,51000.0,1,51000,2026-04-11,2026-02-11,47
137,C11,Sports item 30,Sports,36000.0,2,72000,2026-04-30,2026-02-11,30
138,C11,Beauty item 14,Beauty,22000.0,3,66000,2026-05-19,2026-02-11,14
139,C11,Electronics item 37,Electronics,41000.0,2,82000,2026-06-07,2026-02-11,37
140,C11,Beauty item 19,Beauty,27000.0,1,27000,2026-06-26,2026-02-11,19
141,C11,Sports item 25,Sports,31000.0,1,31000,2026-07-15,2026-02-11,25
142,C11,Home item 6,Home,16000.0,3,48000,2026-08-04,2026-02-11,6
143,C11,Home item 5,Home,300000.0,3,45000,2026-08-23,2026-02-11,5
144,C11,Sports item 27,Sports,33000.0,3,99000,2026-09-11,2026-02-11,27
145,C12,Home item 8,Home,18000.0,3,54000,2026-02-18,2026-02-17,8
146,C12,Electronics item 47,Electronics,51000.0,1,51000,2026-03-09,2026-02-17,47
147,C12,Electronics item 41,Electronics,45000.0,1,45000,2026-03-28,2026-02-17,41
148,C12,Sports item 33,Sports,39000.0,1,39000,2026-04-16,2026-02-17,33
149,C12,Sports item 35,Sports,41000.0,1,41000,2026-05-05,2026-02-17,35
150,C12,Sports item 28,Sports,34000.0,3,102000,2026-05-24,2026-02-17,28
151,C12,Home item 2,Home,12000.0,3,36000,2026-06-13,2026-02-17,2
152,C12,Beauty item 18,Beauty,26000.0,1,26000,2026-07-02,2026-02-17,18
153,C12,Beauty item 23,Beauty,31000.0,3,93000,2026-07-21,2026-02-17,23
154,C12,Electronics item 43,Electronics,47000.0,2,94000,2026-08-09,2026-02-17,43
155,C12,Home item 10,Home,20000.0,1,20000,2026-08-28,2026-02-17,10
156,C12,Beauty item 23,Beauty,31000.0,3,93000,2026-09-16,2026-02-17,23
157,C13,Beauty item 16,Beauty,24000.0,3,72000,2026-02-18,2026-02-17,16
158,C13,Home item 6,Home,16000.0,2,32000,2026-03-09,2026-02-17,6
159,C13,Home item 4,Home,14000.0,3,42000,2026-03-28,2026-02-17,4
160,C13,Beauty item 17,Beauty,25000.0,2,50000,2026-04-16,2026-02-17,17
161,C13,Home item 3,Home,13000.0,3,39000,2026-05-05,2026-02-17,3
162,C13,Home item 3,Home,13000.0,2,26000,2026-05-24,2026-02-17,3
163,C13,Beauty item 16,Beauty,24000.0,3,72000,2026-06-12,2026-02-17,16
164,C13,Home item 9,Home,19000.0,1,19000,2026-07-01,2026-02-17,9
165,C13,Sports item 26,Sports,32000.0,1,32000,2026-07-20,2026-02-17,26
166,C13,Home item 0,Home,10000.0,3,30000,2026-08-08,2026-02-17,0
167,C13,Beauty item 14,Beauty,22000.0,1,22000,2026-08-27,2026-02-17,14
168,C13,Beauty item 21,Beauty,29000.0,1,29000,2026-09-15,2026-02-17,21
169,C14,Electronics item 46,Electronics,50000.0,3,150000,2026-01-16,2026-01-15,46
170,C14,Sports item 30,Sports,36000.0,1,36000,2026-02-07,2026-01-15,30
171,C14,Electronics item 42,Electronics,46000.0,2,92000,2026-03-01,2026-01-15,42
172,C14,Beauty item 16,Beauty,24000.0,1,24000,2026-03-23,2026-01-15,16
173,C14,Beauty item 21,Beauty,29000.0,1,29000,2026-04-14,2026-01-15,21
174,C14,Beauty item 20,Beauty,28000.0,3,84000,2026-05-06,2026-01-15,20
175,C14,Electronics item 42,Electronics,46000.0,1,46000,2026-05-29,2026-01-15,42
176,C14,Electronics item 46,Electronics,50000.0,1,50000,2026-06-20,2026-01-15,46
177,C14,Electronics item 46,Electronics,50000.0,3,150000,2026-07-12,2026-01-15,46
178,C14,Electronics item 36,Electronics,40000.0,3,120000,2026-08-03,2026-01-15,36
179,C14,Sports item 24,Sports,30000.0,1,30000,2026-08-25,2026-01-15,24
180,C14,Sports item 25,Sports,31000.0,3,93000,2026-09-16,2026-01-15,25
181,C15,Electronics item 47,Electronics,51000.0,2,102000,2026-01-24,2026-01-23,47
182,C15,Beauty item 13,Beauty,21000.0,3,63000,2026-02-14,2026-01-23,13
183,C15,Beauty item 16,Beauty,480000.0,1,24000,2026-03-08,2026-01-23,16
184,C15,Electronics item 43,Electronics,,3,141000,2026-03-29,2026-01-23,43
185,C15,Beauty item 18,Beauty,26000.0,2,52000,2026-04-19,2026-01-23,18
186,C15,Home item 11,Home,21000.0,3,63000,2026-05-10,2026-01-23,11
187,C15,Sports item 26,Sports,32000.0,2,64000,2026-06-01,2026-01-23,26
188,C15,Beauty item 15,Beauty,23000.0,3,69000,2026-06-22,2026-01-23,15
189,C15,Electronics item 42,Electronics,46000.0,2,92000,2026-07-13,2026-01-23,42
190,C15,Electronics item 43,Electronics,47000.0,1,47000,2026-08-03,2026-01-23,43
191,C15,Beauty item 14,Beauty,22000.0,3,66000,2026-08-25,2026-01-23,14
192,C15,Sports item 25,Sports,31000.0,3,93000,2026-09-15,2026-01-23,25
193,C16,Electronics item 47,Electronics,51000.0,1,51000,2026-01-11,2026-01-10,47
194,C16,Sports item 35,Sports,41000.0,2,82000,2026-02-03,2026-01-10,35
195,C16,Home item 10,Home,20000.0,2,40000,2026-02-26,2026-01-10,10
196,C16,Sports item 28,Sports,34000.0,2,68000,2026-03-21,2026-01-10,28
197,C16,Sports item 29,Sports,35000.0,3,105000,2026-04-13,2026-01-10,29
198,C16,Sports item 31,Sports,37000.0,3,111000,2026-05-06,2026-01-10,31
199,C16,Home item 1,Home,11000.0,1,11000,2026-05-28,2026-01-10,1
200,C16,Beauty item 14,Beauty,22000.0,3,66000,2026-06-20,2026-01-10,14
201,C16,Electronics item 41,Electronics,45000.0,2,90000,2026-07-13,2026-01-10,41
202,C16,Home item 11,Home,,3,63000,2026-08-05,2026-01-10,11
203,C16,Beauty item 14,Beauty,22000.0,3,66000,2026-08-28,2026-01-10,14
204,C16,Beauty item 15,Beauty,23000.0,2,46000,2026-09-20,2026-01-10,15
205,C17,Home item 8,Home,18000.0,2,36000,2026-02-28,2026-02-27,8
206,C17,Home item 7,Home,17000.0,2,34000,2026-03-19,2026-02-27,7
207,C17,Beauty item 16,Beauty,24000.0,3,72000,2026-04-08,2026-02-27,16
208,C17,Electronics item 41,Electronics,45000.0,2,90000,2026-04-27,2026-02-27,41
209,C17,Home item 0,Home,10000.0,1,10000,2026-05-16,2026-02-27,0
210,C17,Beauty item 13,Beauty,21000.0,2,42000,2026-06-04,2026-02-27,13
211,C17,Home item 2,Home,,1,12000,2026-06-24,2026-02-27,2
212,C17,Sports item 26,Sports,32000.0,2,64000,2026-07-13,2026-02-27,26
213,C17,Beauty item 12,Beauty,20000.0,1,20000,2026-08-01,2026-02-27,12
214,C17,Electronics item 38,Electronics,42000.0,1,42000,2026-08-20,2026-02-27,38
215,C17,Sports item 28,Sports,34000.0,3,102000,2026-09-09,2026-02-27,28
216,C17,Electronics item 37,Electronics,41000.0,1,41000,2026-09-28,2026-02-27,37
217,C18,Sports item 30,Sports,36000.0,2,72000,2026-02-06,2026-02-05,30
218,C18,Beauty item 21,Beauty,29000.0,3,87000,2026-02-26,2026-02-05,21
219,C18,Electronics item 41,Electronics,45000.0,3,135000,2026-03-18,2026-02-05,41
220,C18,Beauty item 22,Beauty,30000.0,2,60000,2026-04-07,2026-02-05,22
221,C18,Electronics item 45,Electronics,49000.0,1,49000,2026-04-27,2026-02-05,45
222,C18,Electronics item 47,Electronics,51000.0,3,153000,2026-05-17,2026-02-05,47
223,C18,Sports item 28,Sports,34000.0,3,102000,2026-06-06,2026-02-05,28
224,C18,Sports item 32,Sports,38000.0,2,76000,2026-06-26,2026-02-05,32
225,C18,Beauty item 12,Beauty,20000.0,1,20000,2026-07-16,2026-02-05,12
226,C18,Electronics item 39,Electronics,43000.0,1,43000,2026-08-05,2026-02-05,39
227,C18,Sports item 32,Sports,38000.0,1,38000,2026-08-25,2026-02-05,32
228,C18,Electronics item 43,Electronics,47000.0,1,47000,2026-09-14,2026-02-05,43
229,C19,Beauty item 12,Beauty,20000.0,3,60000,2026-02-27,2026-02-26,12
230,C19,Electronics item 37,Electronics,41000.0,1,41000,2026-03-18,2026-02-26,37
231,C19,Beauty item 22,Beauty,30000.0,1,30000,2026-04-05,2026-02-26,22
232,C19,Home item 8,Home,,3,54000,2026-04-24,2026-02-26,8
233,C19,Home item 8,Home,18000.0,3,54000,2026-05-13,2026-02-26,8
234,C19,Sports item 26,Sports,32000.0,1,32000,2026-06-01,2026-02-26,26
235,C19,Beauty item 15,Beauty,23000.0,2,46000,2026-06-19,2026-02-26,15
236,C19,Home item 4,Home,14000.0,2,28000,2026-07-08,2026-02-26,4
237,C19,Beauty item 20,Beauty,28000.0,2,56000,2026-07-27,2026-02-26,20
238,C19,Sports item 31,Sports,37000.0,3,111000,2026-08-15,2026-02-26,31
239,C19,Beauty item 15,Beauty,23000.0,3,69000,2026-09-02,2026-02-26,15
240,C19,Electronics item 45,Electronics,49000.0,3,147000,2026-09-21,2026-02-26,45
241,C20,Electronics item 37,Electronics,41000.0,1,41000,2026-03-01,2026-02-28,37
242,C20,Sports item 24,Sports,30000.0,1,30000,2026-03-19,2026-02-28,24
243,C20,Electronics item 44,Electronics,48000.0,2,96000,2026-04-07,2026-02-28,44
244,C20,Beauty item 20,Beauty,28000.0,1,28000,2026-04-25,2026-02-28,20
245,C20,Home item 6,Home,16000.0,2,32000,2026-05-14,2026-02-28,6
246,C20,Home item 1,Home,11000.0,1,11000,2026-06-01,2026-02-28,1
247,C20,Electronics item 45,Electronics,49000.0,3,147000,2026-06-20,2026-02-28,45
248,C20,Electronics item 46,Electronics,50000.0,1,50000,2026-07-08,2026-02-28,46
249,C20,Sports item 35,Sports,41000.0,1,41000,2026-07-27,2026-02-28,35
250,C20,Home item 4,Home,14000.0,1,14000,2026-08-14,2026-02-28,4
251,C20,Beauty item 14,Beauty,22000.0,1,22000,2026-09-02,2026-02-28,14
252,C20,Home item 1,Home,11000.0,2,22000,2026-09-20,2026-02-28,1
253,C21,Home item 2,Home,12000.0,2,24000,2026-03-13,2026-03-12,2
254,C21,Home item 11,Home,21000.0,3,63000,2026-03-31,2026-03-12,11
255,C21,Sports item 27,Sports,33000.0,1,33000,2026-04-17,2026-03-12,27
256,C21,Home item 3,Home,13000.0,2,26000,2026-05-05,2026-03-12,3
257,C21,Electronics item 47,Electronics,51000.0,2,102000,2026-05-23,2026-03-12,47
258,C21,Beauty item 21,Beauty,29000.0,2,58000,2026-06-09,2026-03-12,21
259,C21,Beauty item 12,Beauty,20000.0,3,60000,2026-06-27,2026-03-12,12
260,C21,Sports item 24,Sports,30000.0,1,30000,2026-07-14,2026-03-12,24
261,C21,Electronics item 37,Electronics,41000.0,2,82000,2026-08-01,2026-03-12,37
262,C21,Beauty item 15,Beauty,23000.0,3,69000,2026-08-19,2026-03-12,15
263,C21,Home item 2,Home,,3,36000,2026-09-05,2026-03-12,2
264,C21,Home item 2,Home,12000.0,2,24000,2026-09-23,2026-03-12,2
265,C22,Electronics item 40,Electronics,44000.0,2,88000,2026-02-25,2026-02-24,40
266,C22,Home item 5,Home,15000.0,3,45000,2026-03-16,2026-02-24,5
267,C22,Sports item 30,Sports,36000.0,2,72000,2026-04-05,2026-02-24,30
268,C22,Beauty item 18,Beauty,,3,78000,2026-04-24,2026-02-24,18
269,C22,Electronics item 37,Electronics,41000.0,1,41000,2026-05-14,2026-02-24,37
270,C22,Home item 2,Home,12000.0,2,24000,2026-06-02,2026-02-24,2
271,C22,Electronics item 43,Electronics,47000.0,1,47000,2026-06-22,2026-02-24,43
272,C22,Sports item 33,Sports,39000.0,1,39000,2026-07-11,2026-02-24,33
273,C22,Beauty item 21,Beauty,29000.0,2,58000,2026-07-31,2026-02-24,21
274,C22,Home item 9,Home,19000.0,1,19000,2026-08-19,2026-02-24,9
275,C22,Electronics item 46,Electronics,50000.0,2,100000,2026-09-08,2026-02-24,46
276,C22,Beauty item 14,Beauty,22000.0,2,44000,2026-09-27,2026-02-24,14
277,C23,Beauty item 23,Beauty,31000.0,2,62000,2026-03-07,2026-03-06,23
278,C23,Beauty item 18,Beauty,26000.0,3,78000,2026-03-24,2026-03-06,18
279,C23,Home item 11,Home,21000.0,3,63000,2026-04-10,2026-03-06,11
280,C23,Beauty item 19,Beauty,27000.0,2,54000,2026-04-28,2026-03-06,19
281,C23,Home item 7,Home,17000.0,1,17000,2026-05-15,2026-03-06,7
282,C23,Home item 0,Home,10000.0,3,30000,2026-06-01,2026-03-06,0
283,C23,Beauty item 13,Beauty,21000.0,1,21000,2026-06-18,2026-03-06,13
284,C23,Home item 5,Home,15000.0,2,30000,2026-07-05,2026-03-06,5
285,C23,Beauty item 19,Beauty,27000.0,2,54000,2026-07-22,2026-03-06,19
286,C23,Electronics item 41,Electronics,45000.0,1,45000,2026-08-09,2026-03-06,41
287,C23,Home item 7,Home,,2,34000,2026-08-26,2026-03-06,7
288,C23,Home item 0,Home,10000.0,1,10000,2026-09-12,2026-03-06,0
289,C24,Home item 5,Home,,1,15000,2026-03-01,2026-02-28,5
290,C24,Sports item 24,Sports,600000.0,2,60000,2026-03-19,2026-02-28,24
291,C24,Beauty item 13,Beauty,21000.0,1,21000,2026-04-06,2026-02-28,13
292,C24,Beauty item 23,Beauty,31000.0,3,93000,2026-04-24,2026-02-28,23
293,C24,Home item 1,Home,11000.0,1,11000,2026-05-12,2026-02-28,1
294,C24,Beauty item 15,Beauty,23000.0,2,46000,2026-05-30,2026-02-28,15
295,C24,Beauty item 19,Beauty,27000.0,3,81000,2026-06-17,2026-02-28,19
296,C24,Beauty item 20,Beauty,28000.0,1,28000,2026-07-05,2026-02-28,20
297,C24,Sports item 26,Sports,32000.0,3,96000,2026-07-23,2026-02-28,26
298,C24,Electronics item 37,Electronics,41000.0,3,123000,2026-08-10,2026-02-28,37
299,C24,Beauty item 22,Beauty,30000.0,3,90000,2026-08-28,2026-02-28,22
300,C24,Electronics item 40,Electronics,44000.0,1,44000,2026-09-15,2026-02-28,40
301,C25,Sports item 25,Sports,31000.0,3,93000,2026-03-08,2026-03-07,25
302,C25,Beauty item 12,Beauty,20000.0,3,60000,2026-03-26,2026-03-07,12
303,C25,Home item 10,Home,20000.0,3,60000,2026-04-12,2026-03-07,10
304,C25,Beauty item 15,Beauty,23000.0,1,23000,2026-04-30,2026-03-07,15
305,C25,Sports item 28,Sports,34000.0,3,102000,2026-05-18,2026-03-07,28
306,C25,Home item 11,Home,21000.0,1,21000,2026-06-04,2026-03-07,11
307,C25,Electronics item 43,Electronics,47000.0,2,94000,2026-06-22,2026-03-07,43
308,C25,Beauty item 23,Beauty,31000.0,2,62000,2026-07-09,2026-03-07,23
309,C25,Electronics item 41,Electronics,45000.0,2,90000,2026-07-27,2026-03-07,41
310,C25,Sports item 32,Sports,38000.0,2,76000,2026-08-14,2026-03-07,32
311,C25,Beauty item 16,Beauty,24000.0,1,24000,2026-08-31,2026-03-07,16
312,C25,Home item 10,Home,20000.0,2,40000,2026-09-18,2026-03-07,10
313,C26,Sports item 35,Sports,41000.0,3,123000,2026-03-04,2026-03-03,35
314,C26,Beauty item 15,Beauty,23000.0,2,46000,2026-03-22,2026-03-03,15
315,C26,Home item 11,Home,21000.0,1,21000,2026-04-10,2026-03-03,11
316,C26,Electronics item 44,Electronics,48000.0,3,144000,2026-04-28,2026-03-03,44
317,C26,Beauty item 23,Beauty,31000.0,1,31000,2026-05-16,2026-03-03,23
318,C26,Home item 2,Home,12000.0,2,24000,2026-06-04,2026-03-03,2
319,C26,Beauty item 23,Beauty,31000.0,2,62000,2026-06-22,2026-03-03,23
320,C26,Beauty item 22,Beauty,30000.0,2,60000,2026-07-11,2026-03-03,22
321,C26,Electronics item 41,Electronics,45000.0,3,135000,2026-07-29,2026-03-03,41
322,C26,Sports item 34,Sports,40000.0,2,80000,2026-08-16,2026-03-03,34
323,C26,Home item 9,Home,19000.0,3,57000,2026-09-04,2026-03-03,9
324,C26,Home item 7,Home,17000.0,1,17000,2026-09-22,2026-03-03,7
325,C27,Sports item 28,Sports,,3,102000,2026-02-02,2026-02-01,28
326,C27,Home item 2,Home,12000.0,2,24000,2026-02-22,2026-02-01,2
327,C27,Beauty item 15,Beauty,23000.0,1,23000,2026-03-15,2026-02-01,15
328,C27,Home item 6,Home,16000.0,1,16000,2026-04-04,2026-02-01,6
329,C27,Home item 0,Home,10000.0,3,30000,2026-04-24,2026-02-01,0
330,C27,Electronics item 44,Electronics,48000.0,2,96000,2026-05-15,2026-02-01,44
331,C27,Home item 4,Home,14000.0,2,28000,2026-06-04,2026-02-01,4
332,C27,Home item 0,Home,10000.0,1,10000,2026-06-25,2026-02-01,0
333,C27,Electronics item 44,Electronics,48000.0,2,96000,2026-07-15,2026-02-01,44
334,C27,Home item 9,Home,19000.0,3,57000,2026-08-04,2026-02-01,9
335,C27,Electronics item 39,Electronics,43000.0,1,43000,2026-08-25,2026-02-01,39
336,C27,Home item 1,Home,11000.0,2,22000,2026-09-14,2026-02-01,1
337,C28,Home item 7,Home,17000.0,2,34000,2026-01-26,2026-01-25,7
338,C28,Home item 5,Home,15000.0,3,45000,2026-02-17,2026-01-25,5
339,C28,Sports item 33,Sports,39000.0,1,39000,2026-03-10,2026-01-25,33
340,C28,Sports item 29,Sports,35000.0,2,70000,2026-04-01,2026-01-25,29
341,C28,Beauty item 22,Beauty,30000.0,3,90000,2026-04-22,2026-01-25,22
342,C28,Home item 11,Home,21000.0,1,21000,2026-05-14,2026-01-25,11
343,C28,Home item 4,Home,14000.0,3,42000,2026-06-04,2026-01-25,4
344,C28,Sports item 27,Sports,33000.0,3,99000,2026-06-26,2026-01-25,27
345,C28,Home item 11,Home,21000.0,3,63000,2026-07-17,2026-01-25,11
346,C28,Sports item 28,Sports,34000.0,2,68000,2026-08-08,2026-01-25,28
347,C28,Sports item 32,Sports,38000.0,3,114000,2026-08-29,2026-01-25,32
348,C28,Electronics item 40,Electronics,44000.0,3,132000,2026-09-20,2026-01-25,40
349,C29,Beauty item 23,Beauty,31000.0,3,93000,2026-03-21,2026-03-20,23
350,C29,Home item 0,Home,10000.0,2,20000,2026-04-07,2026-03-20,0
351,C29,Beauty item 13,Beauty,21000.0,2,42000,2026-04-24,2026-03-20,13
352,C29,Electronics item 40,Electronics,44000.0,2,88000,2026-05-10,2026-03-20,40
353,C29,Sports item 25,Sports,31000.0,1,31000,2026-05-27,2026-03-20,25
354,C29,Sports item 29,Sports,35000.0,3,105000,2026-06-13,2026-03-20,29
355,C29,Beauty item 21,Beauty,29000.0,3,87000,2026-06-30,2026-03-20,21
356,C29,Home item 7,Home,17000.0,2,34000,2026-07-17,2026-03-20,7
357,C29,Electronics item 43,Electronics,47000.0,1,47000,2026-08-03,2026-03-20,43
358,C29,Electronics item 37,Electronics,41000.0,2,82000,2026-08-19,2026-03-20,37
359,C29,Electronics item 47,Electronics,51000.0,2,102000,2026-09-05,2026-03-20,47
360,C29,Electronics item 41,Electronics,45000.0,2,90000,2026-09-22,2026-03-20,41
361,C30,Beauty item 13,Beauty,21000.0,3,63000,2026-02-05,2026-02-04,13
362,C30,Beauty item 12,Beauty,20000.0,3,60000,2026-02-26,2026-02-04,12
363,C30,Home item 11,Home,21000.0,3,63000,2026-03-18,2026-02-04,11
364,C30,Electronics item 44,Electronics,48000.0,3,144000,2026-04-08,2026-02-04,44
365,C30,Sports item 26,Sports,32000.0,3,96000,2026-04-29,2026-02-04,26
366,C30,Beauty item 21,Beauty,,2,58000,2026-05-20,2026-02-04,21
367,C30,Electronics item 46,Electronics,50000.0,2,100000,2026-06-09,2026-02-04,46
368,C30,Sports item 28,Sports,,2,68000,2026-06-30,2026-02-04,28
369,C30,Electronics item 43,Electronics,47000.0,2,94000,2026-07-21,2026-02-04,43
370,C30,Electronics item 47,Electronics,51000.0,3,153000,2026-08-11,2026-02-04,47
371,C30,Home item 3,Home,13000.0,2,26000,2026-08-31,2026-02-04,3
372,C30,Beauty item 17,Beauty,25000.0,2,50000,2026-09-21,2026-02-04,17
373,C31,Sports item 35,Sports,,1,41000,2026-02-25,2026-02-24,35
374,C31,Electronics item 39,Electronics,43000.0,3,129000,2026-03-16,2026-02-24,39
375,C31,Home item 7,Home,17000.0,2,34000,2026-04-05,2026-02-24,7
376,C31,Beauty item 15,Beauty,23000.0,2,46000,2026-04-24,2026-02-24,15
377,C31,Sports item 26,Sports,32000.0,2,64000,2026-05-13,2026-02-24,26
378,C31,Electronics item 38,Electronics,42000.0,1,42000,2026-06-02,2026-02-24,38
379,C31,Home item 5,Home,15000.0,2,30000,2026-06-21,2026-02-24,5
380,C31,Sports item 28,Sports,34000.0,3,102000,2026-07-11,2026-02-24,28
381,C31,Beauty item 14,Beauty,22000.0,2,44000,2026-07-30,2026-02-24,14
382,C31,Home item 10,Home,20000.0,1,20000,2026-08-18,2026-02-24,10
383,C31,Sports item 24,Sports,30000.0,2,60000,2026-09-07,2026-02-24,24
384,C31,Beauty item 19,Beauty,27000.0,1,27000,2026-09-26,2026-02-24,19
385,C32,Sports item 30,Sports,36000.0,2,72000,2026-01-21,2026-01-20,30
386,C32,Beauty item 15,Beauty,23000.0,2,46000,2026-02-13,2026-01-20,15
387,C32,Electronics item 39,Electronics,,1,43000,2026-03-08,2026-01-20,39
388,C32,Home item 3,Home,13000.0,3,39000,2026-03-30,2026-01-20,3
389,C32,Electronics item 41,Electronics,45000.0,1,45000,2026-04-22,2026-01-20,41
390,C32,Home item 1,Home,11000.0,3,33000,2026-05-15,2026-01-20,1
391,C32,Sports item 35,Sports,41000.0,3,123000,2026-06-07,2026-01-20,35
392,C32,Beauty item 16,Beauty,24000.0,1,24000,2026-06-30,2026-01-20,16
393,C32,Beauty item 18,Beauty,26000.0,2,52000,2026-07-23,2026-01-20,18
394,C32,Home item 0,Home,10000.0,1,10000,2026-08-14,2026-01-20,0
395,C32,Sports item 33,Sports,39000.0,1,39000,2026-09-06,2026-01-20,33
396,C32,Home item 7,Home,17000.0,3,51000,2026-09-29,2026-01-20,7
397,C33,Sports item 31,Sports,37000.0,3,111000,2026-02-14,2026-02-13,31
398,C33,Sports item 34,Sports,,1,40000,2026-03-06,2026-02-13,34
399,C33,Electronics item 40,Electronics,44000.0,1,44000,2026-03-25,2026-02-13,40
400,C33,Sports item 33,Sports,39000.0,1,39000,2026-04-14,2026-02-13,33
401,C33,Beauty item 14,Beauty,22000.0,2,44000,2026-05-04,2026-02-13,14
402,C33,Sports item 35,Sports,41000.0,1,41000,2026-05-24,2026-02-13,35
403,C33,Electronics item 39,Electronics,43000.0,1,43000,2026-06-12,2026-02-13,39
404,C33,Beauty item 15,Beauty,23000.0,2,46000,2026-07-02,2026-02-13,15
405,C33,Home item 5,Home,,1,15000,2026-07-22,2026-02-13,5
406,C33,Electronics item 42,Electronics,46000.0,3,138000,2026-08-11,2026-02-13,42
407,C33,Home item 7,Home,17000.0,3,51000,2026-08-30,2026-02-13,7
408,C33,Sports item 28,Sports,34000.0,3,102000,2026-09-19,2026-02-13,28
409,C34,Home item 11,Home,21000.0,1,21000,2026-02-23,2026-02-22,11
410,C34,Home item 6,Home,16000.0,3,48000,2026-03-13,2026-02-22,6
411,C34,Electronics item 37,Electronics,41000.0,3,123000,2026-04-01,2026-02-22,37
412,C34,Home item 6,Home,16000.0,1,16000,2026-04-19,2026-02-22,6
413,C34,Sports item 32,Sports,38000.0,3,114000,2026-05-07,2026-02-22,32
414,C34,Sports item 33,Sports,39000.0,2,78000,2026-05-26,2026-02-22,33
415,C34,Home item 2,Home,12000.0,3,36000,2026-06-13,2026-02-22,2
416,C34,Home item 8,Home,18000.0,2,36000,2026-07-02,2026-02-22,8
417,C34,Electronics item 38,Electronics,42000.0,3,126000,2026-07-20,2026-02-22,38
418,C34,Sports item 24,Sports,30000.0,1,30000,2026-08-07,2026-02-22,24
419,C34,Home item 5,Home,15000.0,2,30000,2026-08-26,2026-02-22,5
420,C34,Electronics item 47,Electronics,51000.0,1,51000,2026-09-13,2026-02-22,47
421,C35,Beauty item 12,Beauty,20000.0,1,20000,2026-03-05,2026-03-04,12
422,C35,Home item 0,Home,10000.0,1,10000,2026-03-24,2026-03-04,0
423,C35,Electronics item 44,Electronics,48000.0,2,96000,2026-04-12,2026-03-04,44
424,C35,Home item 0,Home,10000.0,1,10000,2026-05-01,2026-03-04,0
425,C35,Sports item 26,Sports,32000.0,3,96000,2026-05-20,2026-03-04,26
426,C35,Electronics item 47,Electronics,51000.0,2,102000,2026-06-08,2026-03-04,47
427,C35,Sports item 27,Sports,33000.0,3,99000,2026-06-26,2026-03-04,27
428,C35,Sports item 28,Sports,34000.0,3,102000,2026-07-15,2026-03-04,28
429,C35,Beauty item 18,Beauty,26000.0,1,26000,2026-08-03,2026-03-04,18
430,C35,Home item 6,Home,16000.0,1,16000,2026-08-22,2026-03-04,6
431,C35,Sports item 27,Sports,33000.0,2,66000,2026-09-10,2026-03-04,27
432,C35,Electronics item 43,Electronics,47000.0,2,94000,2026-09-29,2026-03-04,43
433,C36,Home item 4,Home,280000.0,1,14000,2026-02-23,2026-02-22,4
434,C36,Electronics item 42,Electronics,46000.0,3,138000,2026-03-13,2026-02-22,42
435,C36,Beauty item 19,Beauty,27000.0,2,54000,2026-04-01,2026-02-22,19
436,C36,Sports item 25,Sports,31000.0,3,93000,2026-04-19,2026-02-22,25
437,C36,Home item 7,Home,17000.0,1,17000,2026-05-07,2026-02-22,7
438,C36,Sports item 29,Sports,35000.0,3,105000,2026-05-26,2026-02-22,29
439,C36,Home item 8,Home,18000.0,1,18000,2026-06-13,2026-02-22,8
440,C36,Beauty item 13,Beauty,21000.0,2,42000,2026-07-02,2026-02-22,13
441,C36,Sports item 34,Sports,40000.0,2,80000,2026-07-20,2026-02-22,34
442,C36,Home item 2,Home,12000.0,3,36000,2026-08-07,2026-02-22,2
443,C36,Beauty item 21,Beauty,29000.0,1,29000,2026-08-26,2026-02-22,21
444,C36,Sports item 28,Sports,34000.0,1,34000,2026-09-13,2026-02-22,28
445,C37,Home item 6,Home,16000.0,2,32000,2026-02-07,2026-02-06,6
446,C37,Beauty item 14,Beauty,22000.0,2,44000,2026-02-27,2026-02-06,14
447,C37,Beauty item 16,Beauty,24000.0,1,24000,2026-03-19,2026-02-06,16
448,C37,Sports item 31,Sports,37000.0,1,37000,2026-04-08,2026-02-06,31
449,C37,Electronics item 46,Electronics,1000000.0,1,50000,2026-04-28,2026-02-06,46
450,C37,Electronics item 40,Electronics,44000.0,2,88000,2026-05-18,2026-02-06,40
451,C37,Home item 9,Home,19000.0,2,38000,2026-06-06,2026-02-06,9
452,C37,Home item 0,Home,10000.0,2,20000,2026-06-26,2026-02-06,0
453,C37,Home item 2,Home,12000.0,3,36000,2026-07-16,2026-02-06,2
454,C37,Sports item 28,Sports,34000.0,1,34000,2026-08-05,2026-02-06,28
455,C37,Home item 7,Home,17000.0,3,51000,2026-08-25,2026-02-06,7
456,C37,Home item 11,Home,21000.0,3,63000,2026-09-14,2026-02-06,11
457,C38,Electronics item 40,Electronics,44000.0,1,44000,2026-04-08,2026-04-07,40
458,C38,Electronics item 41,Electronics,45000.0,1,45000,2026-04-23,2026-04-07,41
459,C38,Electronics item 40,Electronics,44000.0,1,44000,2026-05-09,2026-04-07,40
460,C38,Beauty item 12,Beauty,20000.0,1,20000,2026-05-24,2026-04-07,12
461,C38,Sports item 29,Sports,35000.0,2,70000,2026-06-09,2026-04-07,29
462,C38,Sports item 29,Sports,35000.0,1,35000,2026-06-24,2026-04-07,29
463,C38,Home item 8,Home,,1,18000,2026-07-10,2026-04-07,8
464,C38,Sports item 26,Sports,32000.0,2,64000,2026-07-25,2026-04-07,26
465,C38,Sports item 25,Sports,31000.0,3,93000,2026-08-10,2026-04-07,25
466,C38,Beauty item 19,Beauty,27000.0,1,27000,2026-08-25,2026-04-07,19
467,C38,Electronics item 36,Electronics,40000.0,3,120000,2026-09-10,2026-04-07,36
468,C38,Sports item 32,Sports,38000.0,2,76000,2026-09-25,2026-04-07,32
469,C39,Sports item 25,Sports,31000.0,3,93000,2026-02-22,2026-02-21,25
470,C39,Sports item 34,Sports,,1,40000,2026-03-13,2026-02-21,34
471,C39,Electronics item 36,Electronics,40000.0,2,80000,2026-04-01,2026-02-21,36
472,C39,Sports item 27,Sports,33000.0,3,99000,2026-04-20,2026-02-21,27
473,C39,Beauty item 12,Beauty,20000.0,1,20000,2026-05-09,2026-02-21,12
474,C39,Electronics item 36,Electronics,40000.0,3,120000,2026-05-28,2026-02-21,36
475,C39,Sports item 34,Sports,40000.0,2,80000,2026-06-15,2026-02-21,34
476,C39,Electronics item 47,Electronics,51000.0,2,102000,2026-07-04,2026-02-21,47
477,C39,Home item 7,Home,17000.0,2,34000,2026-07-23,2026-02-21,7
478,C39,Beauty item 20,Beauty,28000.0,2,56000,2026-08-11,2026-02-21,20
479,C39,Electronics item 44,Electronics,48000.0,1,48000,2026-08-30,2026-02-21,44
480,C39,Sports item 24,Sports,30000.0,3,90000,2026-09-18,2026-02-21,24
481,C40,Electronics item 45,Electronics,49000.0,2,98000,2026-03-23,2026-03-22,45
482,C40,Home item 0,Home,10000.0,3,30000,2026-04-09,2026-03-22,0
483,C40,Home item 1,Home,11000.0,2,22000,2026-04-26,2026-03-22,1
484,C40,Electronics item 38,Electronics,42000.0,2,84000,2026-05-13,2026-03-22,38
485,C40,Beauty item 17,Beauty,25000.0,2,50000,2026-05-30,2026-03-22,17
486,C40,Sports item 24,Sports,30000.0,3,90000,2026-06-16,2026-03-22,24
487,C40,Beauty item 20,Beauty,28000.0,3,84000,2026-07-04,2026-03-22,20
488,C40,Beauty item 19,Beauty,27000.0,3,81000,2026-07-21,2026-03-22,19
489,C40,Electronics item 45,Electronics,49000.0,2,98000,2026-08-07,2026-03-22,45
490,C40,Home item 4,Home,14000.0,3,42000,2026-08-24,2026-03-22,4
491,C40,Electronics item 37,Electronics,41000.0,2,82000,2026-09-10,2026-03-22,37
492,C40,Electronics item 42,Electronics,46000.0,2,92000,2026-09-27,2026-03-22,42
493,C41,Sports item 31,Sports,37000.0,3,111000,2026-03-16,2026-03-15,31
494,C41,Beauty item 18,Beauty,26000.0,1,26000,2026-04-02,2026-03-15,18
495,C41,Home item 7,Home,17000.0,3,51000,2026-04-18,2026-03-15,7
496,C41,Sports item 32,Sports,38000.0,1,38000,2026-05-05,2026-03-15,32
497,C41,Beauty item 22,Beauty,30000.0,2,60000,2026-05-22,2026-03-15,22
498,C41,Home item 7,Home,17000.0,2,34000,2026-06-07,2026-03-15,7
499,C41,Beauty item 17,Beauty,25000.0,2,50000,2026-06-24,2026-03-15,17
500,C41,Electronics item 46,Electronics,50000.0,2,100000,2026-07-10,2026-03-15,46
501,C41,Beauty item 12,Beauty,20000.0,2,40000,2026-07-27,2026-03-15,12
502,C41,Home item 8,Home,,2,36000,2026-08-13,2026-03-15,8
503,C41,Sports item 32,Sports,38000.0,2,76000,2026-08-29,2026-03-15,32
504,C41,Home item 9,Home,19000.0,2,38000,2026-09-15,2026-03-15,9
505,C42,Electronics item 44,Electronics,48000.0,3,144000,2026-02-26,2026-02-25,44
506,C42,Electronics item 41,Electronics,45000.0,2,90000,2026-03-16,2026-02-25,41
507,C42,Electronics item 47,Electronics,51000.0,2,102000,2026-04-04,2026-02-25,47
508,C42,Electronics item 43,Electronics,47000.0,3,141000,2026-04-22,2026-02-25,43
509,C42,Home item 11,Home,21000.0,3,63000,2026-05-10,2026-02-25,11
510,C42,Home item 10,Home,20000.0,1,20000,2026-05-29,2026-02-25,10
511,C42,Beauty item 16,Beauty,24000.0,3,72000,2026-06-16,2026-02-25,16
512,C42,Beauty item 22,Beauty,30000.0,1,30000,2026-07-05,2026-02-25,22
513,C42,Electronics item 42,Electronics,46000.0,1,46000,2026-07-23,2026-02-25,42
514,C42,Sports item 35,Sports,41000.0,3,123000,2026-08-10,2026-02-25,35
515,C42,Sports item 30,Sports,36000.0,1,36000,2026-08-29,2026-02-25,30
516,C42,Electronics item 42,Electronics,46000.0,3,138000,2026-09-16,2026-02-25,42
517,C43,Sports item 31,Sports,37000.0,3,111000,2026-03-31,2026-03-30,31
518,C43,Beauty item 18,Beauty,26000.0,3,78000,2026-04-16,2026-03-30,18
519,C43,Beauty item 19,Beauty,27000.0,3,81000,2026-05-02,2026-03-30,19
520,C43,Sports item 24,Sports,30000.0,3,90000,2026-05-18,2026-03-30,24
521,C43,Home item 4,Home,14000.0,1,14000,2026-06-03,2026-03-30,4
522,C43,Sports item 35,Sports,41000.0,3,123000,2026-06-19,2026-03-30,35
523,C43,Sports item 31,Sports,37000.0,1,37000,2026-07-05,2026-03-30,31
524,C43,Sports item 35,Sports,41000.0,1,41000,2026-07-21,2026-03-30,35
525,C43,Sports item 25,Sports,31000.0,1,31000,2026-08-06,2026-03-30,25
526,C43,Electronics item 37,Electronics,41000.0,2,82000,2026-08-22,2026-03-30,37
527,C43,Electronics item 45,Electronics,49000.0,3,147000,2026-09-07,2026-03-30,45
528,C43,Sports item 27,Sports,33000.0,1,33000,2026-09-23,2026-03-30,27
529,C44,Beauty item 21,Beauty,29000.0,3,87000,2026-01-14,2026-01-13,21
530,C44,Home item 5,Home,15000.0,2,30000,2026-02-06,2026-01-13,5
531,C44,Electronics item 37,Electronics,41000.0,2,82000,2026-03-02,2026-01-13,37
532,C44,Electronics item 43,Electronics,47000.0,3,141000,2026-03-25,2026-01-13,43
533,C44,Sports item 33,Sports,39000.0,2,78000,2026-04-18,2026-01-13,33
534,C44,Electronics item 41,Electronics,45000.0,2,90000,2026-05-11,2026-01-13,41
535,C44,Electronics item 41,Electronics,45000.0,3,135000,2026-06-04,2026-01-13,41
536,C44,Electronics item 38,Electronics,42000.0,2,84000,2026-06-27,2026-01-13,38
537,C44,Sports item 24,Sports,30000.0,2,60000,2026-07-21,2026-01-13,24
538,C44,Home item 4,Home,14000.0,1,14000,2026-08-13,2026-01-13,4
539,C44,Home item 0,Home,10000.0,1,10000,2026-09-06,2026-01-13,0
540,C44,Home item 9,Home,19000.0,1,19000,2026-09-29,2026-01-13,9
541,C45,Beauty item 20,Beauty,28000.0,1,28000,2026-04-04,2026-04-03,20
542,C45,Sports item 35,Sports,41000.0,1,41000,2026-04-19,2026-04-03,35
543,C45,Beauty item 21,Beauty,29000.0,3,87000,2026-05-03,2026-04-03,21
544,C45,Home item 1,Home,11000.0,1,11000,2026-05-18,2026-04-03,1
545,C45,Home item 10,Home,20000.0,2,40000,2026-06-01,2026-04-03,10
546,C45,Electronics item 47,Electronics,51000.0,3,153000,2026-06-16,2026-04-03,47
547,C45,Electronics item 47,Electronics,51000.0,3,153000,2026-06-30,2026-04-03,47
548,C45,Beauty item 18,Beauty,26000.0,2,52000,2026-07-15,2026-04-03,18
549,C45,Electronics item 38,Electronics,42000.0,1,42000,2026-07-29,2026-04-03,38
550,C45,Sports item 34,Sports,40000.0,3,120000,2026-08-13,2026-04-03,34
551,C45,Electronics item 44,Electronics,48000.0,1,48000,2026-08-27,2026-04-03,44
552,C45,Electronics item 42,Electronics,46000.0,3,138000,2026-09-11,2026-04-03,42
553,C46,Sports item 30,Sports,36000.0,3,108000,2026-03-28,2026-03-27,30
554,C46,Beauty item 18,Beauty,26000.0,1,26000,2026-04-13,2026-03-27,18
555,C46,Sports item 30,Sports,36000.0,3,108000,2026-04-29,2026-03-27,30
556,C46,Beauty item 15,Beauty,,1,23000,2026-05-16,2026-03-27,15
557,C46,Beauty item 16,Beauty,24000.0,1,24000,2026-06-01,2026-03-27,16
558,C46,Sports item 29,Sports,35000.0,3,105000,2026-06-17,2026-03-27,29
559,C46,Sports item 27,Sports,33000.0,3,99000,2026-07-03,2026-03-27,27
560,C46,Sports item 27,Sports,33000.0,1,33000,2026-07-19,2026-03-27,27
561,C46,Beauty item 18,Beauty,26000.0,3,78000,2026-08-04,2026-03-27,18
562,C46,Beauty item 19,Beauty,27000.0,3,81000,2026-08-21,2026-03-27,19
563,C46,Home item 0,Home,10000.0,3,30000,2026-09-06,2026-03-27,0
564,C46,Sports item 28,Sports,,1,34000,2026-09-22,2026-03-27,28
565,C47,Sports item 27,Sports,33000.0,1,33000,2026-02-21,2026-02-20,27
566,C47,Electronics item 44,Electronics,48000.0,3,144000,2026-03-12,2026-02-20,44
567,C47,Sports item 24,Sports,30000.0,3,90000,2026-03-30,2026-02-20,24
568,C47,Beauty item 22,Beauty,30000.0,3,90000,2026-04-18,2026-02-20,22
569,C47,Home item 3,Home,13000.0,2,26000,2026-05-06,2026-02-20,3
570,C47,Home item 9,Home,19000.0,1,19000,2026-05-25,2026-02-20,9
571,C47,Beauty item 16,Beauty,24000.0,3,72000,2026-06-12,2026-02-20,16
572,C47,Beauty item 18,Beauty,26000.0,1,26000,2026-07-01,2026-02-20,18
573,C47,Beauty item 17,Beauty,25000.0,2,50000,2026-07-19,2026-02-20,17
574,C47,Beauty item 18,Beauty,26000.0,3,78000,2026-08-07,2026-02-20,18
575,C47,Electronics item 36,Electronics,40000.0,2,80000,2026-08-25,2026-02-20,36
576,C47,Home item 6,Home,16000.0,1,16000,2026-09-13,2026-02-20,6
577,C48,Beauty item 15,Beauty,23000.0,1,23000,2026-03-16,2026-03-15,15
578,C48,Home item 7,Home,17000.0,2,34000,2026-04-02,2026-03-15,7
579,C48,Beauty item 14,Beauty,22000.0,3,66000,2026-04-19,2026-03-15,14
580,C48,Sports item 32,Sports,,2,76000,2026-05-05,2026-03-15,32
581,C48,Home item 2,Home,12000.0,3,36000,2026-05-22,2026-03-15,2
582,C48,Beauty item 16,Beauty,24000.0,1,24000,2026-06-08,2026-03-15,16
583,C48,Home item 1,Home,11000.0,3,33000,2026-06-25,2026-03-15,1
584,C48,Electronics item 45,Electronics,49000.0,3,147000,2026-07-12,2026-03-15,45
585,C48,Sports item 34,Sports,40000.0,2,80000,2026-07-29,2026-03-15,34
586,C48,Home item 11,Home,21000.0,3,63000,2026-08-14,2026-03-15,11
587,C48,Home item 9,Home,19000.0,2,38000,2026-08-31,2026-03-15,9
588,C48,Home item 4,Home,14000.0,2,28000,2026-09-17,2026-03-15,4
589,C49,Beauty item 22,Beauty,,3,90000,2026-02-23,2026-02-22,22
590,C49,Electronics item 36,Electronics,40000.0,3,120000,2026-03-14,2026-02-22,36
591,C49,Sports item 28,Sports,34000.0,3,102000,2026-04-01,2026-02-22,28
592,C49,Electronics item 42,Electronics,46000.0,1,46000,2026-04-20,2026-02-22,42
593,C49,Beauty item 16,Beauty,24000.0,3,72000,2026-05-08,2026-02-22,16
594,C49,Beauty item 13,Beauty,21000.0,1,21000,2026-05-27,2026-02-22,13
595,C49,Beauty item 22,Beauty,30000.0,2,60000,2026-06-14,2026-02-22,22
596,C49,Home item 9,Home,,2,38000,2026-07-03,2026-02-22,9
597,C49,Electronics item 46,Electronics,50000.0,2,100000,2026-07-21,2026-02-22,46
598,C49,Home item 8,Home,18000.0,3,54000,2026-08-09,2026-02-22,8
599,C49,Beauty item 22,Beauty,30000.0,3,90000,2026-08-27,2026-02-22,22
600,C49,Sports item 25,Sports,31000.0,1,31000,2026-09-15,2026-02-22,25
601,C50,Home item 2,Home,12000.0,1,12000,2026-01-28,2026-01-27,2
602,C50,Beauty item 22,Beauty,30000.0,1,30000,2026-02-18,2026-01-27,22
603,C50,Beauty item 21,Beauty,29000.0,3,87000,2026-03-11,2026-01-27,21
604,C50,Beauty item 12,Beauty,20000.0,2,40000,2026-04-01,2026-01-27,12
605,C50,Home item 6,Home,16000.0,3,48000,2026-04-22,2026-01-27,6
606,C50,Home item 2,Home,12000.0,3,36000,2026-05-13,2026-01-27,2
607,C50,Home item 0,Home,10000.0,3,30000,2026-06-02,2026-01-27,0
608,C50,Beauty item 23,Beauty,31000.0,1,31000,2026-06-23,2026-01-27,23
609,C50,Home item 4,Home,14000.0,1,14000,2026-07-14,2026-01-27,4
610,C50,Electronics item 46,Electronics,,2,100000,2026-08-04,2026-01-27,46
611,C50,Home item 11,Home,21000.0,2,42000,2026-08-25,2026-01-27,11
612,C50,Sports item 31,Sports,37000.0,3,111000,2026-09-15,2026-01-27,31
613,C51,Sports item 32,Sports,38000.0,1,38000,2026-03-22,2026-03-21,32
614,C51,Beauty item 23,Beauty,31000.0,2,62000,2026-04-08,2026-03-21,23
615,C51,Electronics item 42,Electronics,46000.0,1,46000,2026-04-25,2026-03-21,42
616,C51,Home item 5,Home,15000.0,1,15000,2026-05-13,2026-03-21,5
617,C51,Home item 11,Home,21000.0,1,21000,2026-05-30,2026-03-21,11
618,C51,Beauty item 12,Beauty,20000.0,1,20000,2026-06-16,2026-03-21,12
619,C51,Home item 6,Home,16000.0,2,32000,2026-07-03,2026-03-21,6
620,C51,Beauty item 14,Beauty,22000.0,2,44000,2026-07-20,2026-03-21,14
621,C51,Beauty item 15,Beauty,23000.0,2,46000,2026-08-06,2026-03-21,15
622,C51,Electronics item 36,Electronics,40000.0,2,80000,2026-08-24,2026-03-21,36
623,C51,Beauty item 14,Beauty,22000.0,3,66000,2026-09-10,2026-03-21,14
624,C51,Electronics item 42,Electronics,46000.0,3,138000,2026-09-27,2026-03-21,42
625,C52,Electronics item 37,Electronics,41000.0,2,82000,2026-01-26,2026-01-25,37
626,C52,Electronics item 43,Electronics,940000.0,2,94000,2026-02-17,2026-01-25,43
627,C52,Home item 5,Home,15000.0,3,45000,2026-03-11,2026-01-25,5
628,C52,Electronics item 47,Electronics,51000.0,3,153000,2026-04-01,2026-01-25,47
629,C52,Sports item 29,Sports,35000.0,1,35000,2026-04-23,2026-01-25,29
630,C52,Electronics item 47,Electronics,51000.0,3,153000,2026-05-15,2026-01-25,47
631,C52,Beauty item 17,Beauty,25000.0,1,25000,2026-06-06,2026-01-25,17
632,C52,Electronics item 45,Electronics,49000.0,2,98000,2026-06-28,2026-01-25,45
633,C52,Sports item 28,Sports,34000.0,2,68000,2026-07-20,2026-01-25,28
634,C52,Home item 3,Home,13000.0,2,26000,2026-08-10,2026-01-25,3
635,C52,Beauty item 19,Beauty,27000.0,1,27000,2026-09-01,2026-01-25,19
636,C52,Home item 6,Home,16000.0,3,48000,2026-09-23,2026-01-25,6
637,C53,Electronics item 45,Electronics,,1,49000,2026-02-02,2026-02-01,45
638,C53,Beauty item 14,Beauty,22000.0,1,22000,2026-02-23,2026-02-01,14
639,C53,Home item 10,Home,20000.0,3,60000,2026-03-16,2026-02-01,10
640,C53,Sports item 26,Sports,32000.0,3,96000,2026-04-06,2026-02-01,26
641,C53,Beauty item 20,Beauty,28000.0,1,28000,2026-04-27,2026-02-01,20
642,C53,Home item 4,Home,14000.0,3,42000,2026-05-18,2026-02-01,4
643,C53,Electronics item 39,Electronics,43000.0,3,129000,2026-06-08,2026-02-01,39
644,C53,Electronics item 40,Electronics,44000.0,1,44000,2026-06-29,2026-02-01,40
645,C53,Sports item 35,Sports,41000.0,2,82000,2026-07-20,2026-02-01,35
646,C53,Sports item 29,Sports,35000.0,2,70000,2026-08-10,2026-02-01,29
647,C53,Beauty item 19,Beauty,27000.0,1,27000,2026-08-31,2026-02-01,19
648,C53,Sports item 26,Sports,32000.0,1,32000,2026-09-21,2026-02-01,26
649,C54,Sports item 25,Sports,31000.0,1,31000,2026-02-22,2026-02-21,25
650,C54,Home item 7,Home,17000.0,1,17000,2026-03-13,2026-02-21,7
651,C54,Home item 3,Home,13000.0,2,26000,2026-04-01,2026-02-21,3
652,C54,Beauty item 12,Beauty,20000.0,2,40000,2026-04-21,2026-02-21,12
653,C54,Beauty item 21,Beauty,29000.0,1,29000,2026-05-10,2026-02-21,21
654,C54,Home item 7,Home,17000.0,1,17000,2026-05-29,2026-02-21,7
655,C54,Home item 5,Home,15000.0,1,15000,2026-06-17,2026-02-21,5
656,C54,Electronics item 40,Electronics,44000.0,3,132000,2026-07-06,2026-02-21,40
657,C54,Beauty item 17,Beauty,25000.0,1,25000,2026-07-25,2026-02-21,17
658,C54,Sports item 28,Sports,34000.0,3,102000,2026-08-14,2026-02-21,28
659,C54,Sports item 25,Sports,31000.0,2,62000,2026-09-02,2026-02-21,25
660,C54,Sports item 35,Sports,41000.0,3,123000,2026-09-21,2026-02-21,35
661,C55,Sports item 35,Sports,41000.0,2,82000,2026-03-26,2026-03-25,35
662,C55,Beauty item 14,Beauty,,1,22000,2026-04-12,2026-03-25,14
663,C55,Electronics item 40,Electronics,44000.0,2,88000,2026-04-29,2026-03-25,40
664,C55,Beauty item 17,Beauty,25000.0,1,25000,2026-05-16,2026-03-25,17
665,C55,Electronics item 40,Electronics,44000.0,1,44000,2026-06-02,2026-03-25,40
666,C55,Beauty item 19,Beauty,,1,27000,2026-06-19,2026-03-25,19
667,C55,Home item 5,Home,15000.0,1,15000,2026-07-07,2026-03-25,5
668,C55,Electronics item 36,Electronics,40000.0,1,40000,2026-07-24,2026-03-25,36
669,C55,Home item 1,Home,11000.0,1,11000,2026-08-10,2026-03-25,1
670,C55,Electronics item 37,Electronics,41000.0,3,123000,2026-08-27,2026-03-25,37
671,C55,Home item 2,Home,12000.0,2,24000,2026-09-13,2026-03-25,2
672,C55,Home item 9,Home,19000.0,2,38000,2026-09-30,2026-03-25,9
673,C56,Sports item 28,Sports,34000.0,3,102000,2026-02-09,2026-02-08,28
674,C56,Electronics item 45,Electronics,49000.0,1,49000,2026-03-01,2026-02-08,45
675,C56,Beauty item 19,Beauty,27000.0,2,54000,2026-03-22,2026-02-08,19
676,C56,Home item 5,Home,15000.0,3,45000,2026-04-11,2026-02-08,5
677,C56,Home item 11,Home,21000.0,2,42000,2026-05-01,2026-02-08,11
678,C56,Electronics item 43,Electronics,47000.0,2,94000,2026-05-21,2026-02-08,43
679,C56,Sports item 34,Sports,40000.0,1,40000,2026-06-11,2026-02-08,34
680,C56,Home item 4,Home,14000.0,1,14000,2026-07-01,2026-02-08,4
681,C56,Beauty item 18,Beauty,26000.0,1,26000,2026-07-21,2026-02-08,18
682,C56,Beauty item 12,Beauty,20000.0,1,20000,2026-08-10,2026-02-08,12
683,C56,Home item 8,Home,,3,54000,2026-08-31,2026-02-08,8
684,C56,Electronics item 40,Electronics,44000.0,2,88000,2026-09-20,2026-02-08,40
685,C57,Sports item 29,Sports,35000.0,2,70000,2026-02-20,2026-02-19,29
686,C57,Home item 8,Home,18000.0,3,54000,2026-03-12,2026-02-19,8
687,C57,Sports item 31,Sports,37000.0,1,37000,2026-04-01,2026-02-19,31
688,C57,Beauty item 19,Beauty,27000.0,1,27000,2026-04-21,2026-02-19,19
689,C57,Home item 2,Home,12000.0,2,24000,2026-05-11,2026-02-19,2
690,C57,Beauty item 21,Beauty,29000.0,3,87000,2026-05-31,2026-02-19,21
691,C57,Home item 8,Home,18000.0,2,36000,2026-06-19,2026-02-19,8
692,C57,Home item 11,Home,21000.0,3,63000,2026-07-09,2026-02-19,11
693,C57,Electronics item 42,Electronics,46000.0,1,46000,2026-07-29,2026-02-19,42
694,C57,Sports item 34,Sports,40000.0,3,120000,2026-08-18,2026-02-19,34
695,C57,Home item 6,Home,16000.0,1,16000,2026-09-07,2026-02-19,6
696,C57,Electronics item 40,Electronics,44000.0,1,44000,2026-09-27,2026-02-19,40
697,C58,Sports item 27,Sports,33000.0,2,66000,2026-01-06,2026-01-05,27
698,C58,Electronics item 41,Electronics,45000.0,1,45000,2026-01-29,2026-01-05,41
699,C58,Sports item 35,Sports,41000.0,3,123000,2026-02-21,2026-01-05,35
700,C58,Beauty item 16,Beauty,24000.0,3,72000,2026-03-16,2026-01-05,16
701,C58,Sports item 25,Sports,31000.0,2,62000,2026-04-08,2026-01-05,25
702,C58,Sports item 25,Sports,31000.0,1,31000,2026-05-01,2026-01-05,25
703,C58,Sports item 34,Sports,40000.0,1,40000,2026-05-24,2026-01-05,34
704,C58,Home item 11,Home,21000.0,2,42000,2026-06-16,2026-01-05,11
705,C58,Beauty item 15,Beauty,23000.0,2,46000,2026-07-09,2026-01-05,15
706,C58,Home item 11,Home,21000.0,3,63000,2026-08-01,2026-01-05,11
707,C58,Beauty item 14,Beauty,,2,44000,2026-08-24,2026-01-05,14
708,C58,Home item 7,Home,17000.0,1,17000,2026-09-16,2026-01-05,7
709,C59,Home item 1,Home,220000.0,1,11000,2026-01-13,2026-01-12,1
710,C59,Electronics item 45,Electronics,,3,147000,2026-02-04,2026-01-12,45
711,C59,Home item 3,Home,13000.0,1,13000,2026-02-27,2026-01-12,3
712,C59,Electronics item 42,Electronics,46000.0,3,138000,2026-03-21,2026-01-12,42
713,C59,Home item 0,Home,10000.0,1,10000,2026-04-13,2026-01-12,0
714,C59,Electronics item 37,Electronics,41000.0,3,123000,2026-05-05,2026-01-12,37
715,C59,Beauty item 15,Beauty,,3,69000,2026-05-28,2026-01-12,15
716,C59,Sports item 24,Sports,30000.0,2,60000,2026-06-19,2026-01-12,24
717,C59,Beauty item 13,Beauty,21000.0,1,21000,2026-07-12,2026-01-12,13
718,C59,Beauty item 23,Beauty,31000.0,3,93000,2026-08-03,2026-01-12,23
719,C59,Beauty item 21,Beauty,29000.0,1,29000,2026-08-26,2026-01-12,21
720,C59,Sports item 25,Sports,31000.0,2,62000,2026-09-17,2026-01-12,25
721,C60,Beauty item 18,Beauty,26000.0,3,78000,2026-01-07,2026-01-06,18
722,C60,Sports item 25,Sports,31000.0,3,93000,2026-02-12,2026-01-06,25
723,C60,Electronics item 39,Electronics,43000.0,1,43000,2026-03-21,2026-01-06,39
724,C60,Beauty item 20,Beauty,28000.0,3,84000,2026-04-27,2026-01-06,20
725,C60,Beauty item 17,Beauty,25000.0,1,25000,2026-06-02,2026-01-06,17
726,C60,Home item 6,Home,16000.0,3,48000,2026-07-08,2026-01-06,6
727,C60,Beauty item 17,Beauty,25000.0,2,50000,2026-08-14,2026-01-06,17
728,C61,Home item 6,Home,16000.0,1,16000,2026-01-09,2026-01-08,6
729,C61,Home item 8,Home,18000.0,2,36000,2026-02-11,2026-01-08,8
730,C61,Electronics item 45,Electronics,49000.0,1,49000,2026-03-16,2026-01-08,45
731,C61,Home item 4,Home,14000.0,3,42000,2026-04-17,2026-01-08,4
732,C61,Beauty item 23,Beauty,31000.0,1,31000,2026-05-20,2026-01-08,23
733,C61,Electronics item 40,Electronics,44000.0,1,44000,2026-06-22,2026-01-08,40
734,C61,Electronics item 45,Electronics,49000.0,2,98000,2026-07-25,2026-01-08,45
735,C62,Home item 7,Home,17000.0,3,51000,2026-03-29,2026-03-28,7
736,C62,Home item 7,Home,17000.0,2,34000,2026-04-24,2026-03-28,7
737,C62,Beauty item 17,Beauty,,2,50000,2026-05-19,2026-03-28,17
738,C62,Sports item 26,Sports,32000.0,2,64000,2026-06-14,2026-03-28,26
739,C62,Electronics item 46,Electronics,50000.0,3,150000,2026-07-10,2026-03-28,46
740,C62,Home item 9,Home,19000.0,2,38000,2026-08-04,2026-03-28,9
741,C62,Home item 7,Home,17000.0,3,51000,2026-08-30,2026-03-28,7
742,C63,Beauty item 12,Beauty,20000.0,3,60000,2026-03-27,2026-03-26,12
743,C63,Electronics item 41,Electronics,45000.0,3,135000,2026-04-16,2026-03-26,41
744,C63,Home item 1,Home,11000.0,3,33000,2026-05-05,2026-03-26,1
745,C63,Beauty item 18,Beauty,26000.0,3,78000,2026-05-24,2026-03-26,18
746,C63,Home item 5,Home,15000.0,1,15000,2026-06-13,2026-03-26,5
747,C63,Home item 7,Home,17000.0,3,51000,2026-07-03,2026-03-26,7
748,C63,Electronics item 44,Electronics,48000.0,3,144000,2026-07-22,2026-03-26,44
749,C64,Home item 0,Home,10000.0,1,10000,2026-03-25,2026-03-24,0
750,C64,Beauty item 15,Beauty,23000.0,3,69000,2026-04-16,2026-03-24,15
751,C64,Electronics item 43,Electronics,,1,47000,2026-05-09,2026-03-24,43
752,C64,Sports item 29,Sports,35000.0,2,70000,2026-06-01,2026-03-24,29
753,C64,Home item 3,Home,13000.0,3,39000,2026-06-23,2026-03-24,3
754,C64,Beauty item 22,Beauty,30000.0,1,30000,2026-07-15,2026-03-24,22
755,C64,Electronics item 46,Electronics,50000.0,2,100000,2026-08-07,2026-03-24,46
756,C65,Beauty item 19,Beauty,27000.0,3,81000,2026-01-07,2026-01-06,19
757,C65,Sports item 25,Sports,31000.0,2,62000,2026-02-14,2026-01-06,25
758,C65,Sports item 25,Sports,,3,93000,2026-03-24,2026-01-06,25
759,C65,Sports item 31,Sports,37000.0,1,37000,2026-05-01,2026-01-06,31
760,C65,Home item 8,Home,18000.0,3,54000,2026-06-09,2026-01-06,8
761,C65,Electronics item 40,Electronics,44000.0,3,132000,2026-07-17,2026-01-06,40
762,C65,Electronics item 47,Electronics,51000.0,3,153000,2026-08-24,2026-01-06,47
763,C66,Home item 6,Home,16000.0,1,16000,2026-01-09,2026-01-08,6
764,C66,Electronics item 39,Electronics,43000.0,3,129000,2026-02-15,2026-01-08,39
765,C66,Electronics item 39,Electronics,43000.0,2,86000,2026-03-23,2026-01-08,39
766,C66,Sports item 35,Sports,41000.0,2,82000,2026-04-29,2026-01-08,35
767,C66,Beauty item 17,Beauty,25000.0,2,50000,2026-06-05,2026-01-08,17
768,C66,Beauty item 22,Beauty,30000.0,2,60000,2026-07-11,2026-01-08,22
769,C66,Electronics item 40,Electronics,44000.0,2,88000,2026-08-17,2026-01-08,40
770,C67,Home item 7,Home,,2,34000,2026-01-30,2026-01-29,7
771,C67,Electronics item 39,Electronics,43000.0,1,43000,2026-03-02,2026-01-29,39
772,C67,Electronics item 44,Electronics,48000.0,3,144000,2026-04-03,2026-01-29,44
773,C67,Sports item 32,Sports,38000.0,1,38000,2026-05-04,2026-01-29,32
774,C67,Beauty item 16,Beauty,24000.0,1,24000,2026-06-04,2026-01-29,16
775,C67,Sports item 26,Sports,32000.0,2,64000,2026-07-06,2026-01-29,26
776,C67,Home item 2,Home,12000.0,2,24000,2026-08-06,2026-01-29,2
777,C68,Electronics item 44,Electronics,48000.0,2,96000,2026-02-27,2026-02-26,44
778,C68,Beauty item 16,Beauty,24000.0,3,72000,2026-03-27,2026-02-26,16
779,C68,Home item 2,Home,12000.0,1,12000,2026-04-25,2026-02-26,2
780,C68,Electronics item 38,Electronics,42000.0,1,42000,2026-05-24,2026-02-26,38
781,C68,Sports item 31,Sports,37000.0,2,74000,2026-06-21,2026-02-26,31
782,C68,Sports item 29,Sports,35000.0,3,105000,2026-07-19,2026-02-26,29
783,C68,Home item 2,Home,12000.0,2,24000,2026-08-17,2026-02-26,2
784,C69,Electronics item 36,Electronics,40000.0,2,80000,2026-02-04,2026-02-03,36
785,C69,Sports item 30,Sports,36000.0,2,72000,2026-03-10,2026-02-03,30
786,C69,Electronics item 38,Electronics,42000.0,3,126000,2026-04-13,2026-02-03,38
787,C69,Electronics item 39,Electronics,43000.0,2,86000,2026-05-17,2026-02-03,39
788,C69,Home item 10,Home,20000.0,3,60000,2026-06-19,2026-02-03,10
789,C69,Home item 10,Home,20000.0,3,60000,2026-07-23,2026-02-03,10
790,C69,Electronics item 44,Electronics,48000.0,1,48000,2026-08-26,2026-02-03,44
791,C70,Sports item 25,Sports,31000.0,1,31000,2026-02-19,2026-02-18,25
792,C70,Beauty item 21,Beauty,29000.0,3,87000,2026-03-18,2026-02-18,21
793,C70,Beauty item 13,Beauty,21000.0,1,21000,2026-04-14,2026-02-18,13
794,C70,Sports item 30,Sports,36000.0,2,72000,2026-05-12,2026-02-18,30
795,C70,Electronics item 36,Electronics,40000.0,1,40000,2026-06-08,2026-02-18,36
796,C70,Home item 0,Home,10000.0,2,20000,2026-07-05,2026-02-18,0
797,C70,Sports item 26,Sports,32000.0,1,32000,2026-08-01,2026-02-18,26
798,C71,Electronics item 47,Electronics,51000.0,2,102000,2026-01-19,2026-01-18,47
799,C71,Beauty item 13,Beauty,21000.0,3,63000,2026-02-20,2026-01-18,13
800,C71,Beauty item 13,Beauty,21000.0,3,63000,2026-03-25,2026-01-18,13
801,C71,Electronics item 42,Electronics,46000.0,3,138000,2026-04-26,2026-01-18,42
802,C71,Home item 2,Home,12000.0,1,12000,2026-05-28,2026-01-18,2
803,C71,Beauty item 19,Beauty,27000.0,2,54000,2026-06-30,2026-01-18,19
804,C71,Beauty item 21,Beauty,29000.0,1,29000,2026-08-01,2026-01-18,21
805,C72,Electronics item 38,Electronics,42000.0,3,126000,2026-03-16,2026-03-15,38
806,C72,Home item 6,Home,16000.0,3,48000,2026-04-12,2026-03-15,6
807,C72,Beauty item 20,Beauty,28000.0,1,28000,2026-05-09,2026-03-15,20
808,C72,Home item 7,Home,17000.0,2,34000,2026-06-05,2026-03-15,7
809,C72,Electronics item 37,Electronics,41000.0,2,82000,2026-07-02,2026-03-15,37
810,C72,Sports item 30,Sports,36000.0,2,72000,2026-07-29,2026-03-15,30
811,C72,Beauty item 23,Beauty,,2,62000,2026-08-25,2026-03-15,23
812,C73,Beauty item 18,Beauty,26000.0,1,26000,2026-02-02,2026-02-01,18
813,C73,Home item 7,Home,17000.0,2,34000,2026-03-07,2026-02-01,7
814,C73,Electronics item 44,Electronics,48000.0,2,96000,2026-04-09,2026-02-01,44
815,C73,Sports item 31,Sports,37000.0,3,111000,2026-05-11,2026-02-01,31
816,C73,Beauty item 15,Beauty,23000.0,3,69000,2026-06-13,2026-02-01,15
817,C73,Beauty item 19,Beauty,27000.0,3,81000,2026-07-16,2026-02-01,19
818,C73,Sports item 34,Sports,40000.0,1,40000,2026-08-18,2026-02-01,34
819,C74,Sports item 34,Sports,40000.0,3,120000,2026-01-08,2026-01-07,34
820,C74,Beauty item 22,Beauty,30000.0,2,60000,2026-02-14,2026-01-07,22
821,C74,Beauty item 14,Beauty,22000.0,2,44000,2026-03-24,2026-01-07,14
822,C74,Sports item 31,Sports,37000.0,3,111000,2026-04-30,2026-01-07,31
823,C74,Sports item 31,Sports,37000.0,3,111000,2026-06-06,2026-01-07,31
824,C74,Sports item 28,Sports,34000.0,1,34000,2026-07-14,2026-01-07,28
825,C74,Home item 3,Home,13000.0,2,26000,2026-08-20,2026-01-07,3
826,C75,Beauty item 22,Beauty,30000.0,3,90000,2026-03-17,2026-03-16,22
827,C75,Sports item 29,Sports,35000.0,2,70000,2026-04-09,2026-03-16,29
828,C75,Electronics item 45,Electronics,49000.0,1,49000,2026-05-02,2026-03-16,45
829,C75,Sports item 25,Sports,31000.0,2,62000,2026-05-24,2026-03-16,25
830,C75,Beauty item 16,Beauty,24000.0,3,72000,2026-06-16,2026-03-16,16
831,C75,Sports item 26,Sports,32000.0,1,32000,2026-07-09,2026-03-16,26
832,C75,Home item 8,Home,18000.0,3,54000,2026-08-01,2026-03-16,8
833,C76,Home item 4,Home,14000.0,3,42000,2026-04-02,2026-04-01,4
834,C76,Sports item 32,Sports,38000.0,3,114000,2026-04-22,2026-04-01,32
835,C76,Electronics item 47,Electronics,51000.0,1,51000,2026-05-11,2026-04-01,47
836,C76,Electronics item 40,Electronics,44000.0,1,44000,2026-05-31,2026-04-01,40
837,C76,Sports item 28,Sports,34000.0,2,68000,2026-06-20,2026-04-01,28
838,C76,Home item 1,Home,11000.0,2,22000,2026-07-09,2026-04-01,1
839,C76,Electronics item 47,Electronics,51000.0,2,102000,2026-07-29,2026-04-01,47
840,C77,Beauty item 21,Beauty,29000.0,3,87000,2026-01-03,2026-01-02,21
841,C77,Beauty item 13,Beauty,21000.0,3,63000,2026-02-07,2026-01-02,13
842,C77,Electronics item 42,Electronics,46000.0,1,46000,2026-03-13,2026-01-02,42
843,C77,Sports item 35,Sports,41000.0,3,123000,2026-04-17,2026-01-02,35
844,C77,Sports item 35,Sports,41000.0,1,41000,2026-05-22,2026-01-02,35
845,C77,Beauty item 13,Beauty,21000.0,2,42000,2026-06-25,2026-01-02,13
846,C77,Electronics item 47,Electronics,51000.0,1,51000,2026-07-30,2026-01-02,47
847,C78,Beauty item 21,Beauty,29000.0,2,58000,2026-02-14,2026-02-13,21
848,C78,Sports item 25,Sports,31000.0,3,93000,2026-03-12,2026-02-13,25
849,C78,Electronics item 36,Electronics,40000.0,2,80000,2026-04-07,2026-02-13,36
850,C78,Sports item 31,Sports,37000.0,3,111000,2026-05-03,2026-02-13,31
851,C78,Home item 8,Home,18000.0,1,18000,2026-05-29,2026-02-13,8
852,C78,Beauty item 14,Beauty,22000.0,2,44000,2026-06-24,2026-02-13,14
853,C78,Beauty item 17,Beauty,25000.0,2,50000,2026-07-20,2026-02-13,17
854,C79,Electronics item 45,Electronics,49000.0,3,147000,2026-03-25,2026-03-24,45
855,C79,Sports item 34,Sports,40000.0,3,120000,2026-04-15,2026-03-24,34
856,C79,Beauty item 17,Beauty,25000.0,2,50000,2026-05-06,2026-03-24,17
857,C79,Sports item 35,Sports,41000.0,1,41000,2026-05-26,2026-03-24,35
858,C79,Sports item 35,Sports,41000.0,2,82000,2026-06-16,2026-03-24,35
859,C79,Beauty item 18,Beauty,26000.0,1,26000,2026-07-07,2026-03-24,18
860,C79,Beauty item 19,Beauty,27000.0,2,54000,2026-07-28,2026-03-24,19
861,C80,Electronics item 42,Electronics,46000.0,1,46000,2026-03-13,2026-03-12,42
862,C80,Sports item 26,Sports,,2,64000,2026-04-08,2026-03-12,26
863,C80,Home item 7,Home,17000.0,1,17000,2026-05-04,2026-03-12,7
864,C80,Sports item 34,Sports,40000.0,1,40000,2026-05-30,2026-03-12,34
865,C80,Sports item 28,Sports,34000.0,1,34000,2026-06-25,2026-03-12,28
866,C80,Sports item 24,Sports,30000.0,3,90000,2026-07-21,2026-03-12,24
867,C80,Sports item 34,Sports,40000.0,3,120000,2026-08-16,2026-03-12,34
868,C81,Electronics item 43,Electronics,47000.0,3,141000,2026-03-28,2026-03-27,43
869,C81,Beauty item 15,Beauty,23000.0,1,23000,2026-04-22,2026-03-27,15
870,C81,Beauty item 20,Beauty,28000.0,2,56000,2026-05-17,2026-03-27,20
871,C81,Home item 9,Home,19000.0,3,57000,2026-06-12,2026-03-27,9
872,C81,Sports item 31,Sports,37000.0,2,74000,2026-07-07,2026-03-27,31
873,C81,Beauty item 19,Beauty,27000.0,1,27000,2026-08-01,2026-03-27,19
874,C81,Beauty item 16,Beauty,24000.0,1,24000,2026-08-26,2026-03-27,16
875,C82,Sports item 33,Sports,39000.0,1,39000,2026-02-12,2026-02-11,33
876,C82,Beauty item 19,Beauty,27000.0,3,81000,2026-03-13,2026-02-11,19
877,C82,Beauty item 22,Beauty,30000.0,1,30000,2026-04-10,2026-02-11,22
878,C82,Beauty item 21,Beauty,29000.0,3,87000,2026-05-09,2026-02-11,21
879,C82,Beauty item 12,Beauty,20000.0,3,60000,2026-06-07,2026-02-11,12
880,C82,Home item 6,Home,16000.0,3,48000,2026-07-05,2026-02-11,6
881,C82,Electronics item 39,Electronics,43000.0,3,129000,2026-08-03,2026-02-11,39
882,C83,Home item 4,Home,14000.0,1,14000,2026-02-08,2026-02-07,4
883,C83,Beauty item 15,Beauty,23000.0,3,69000,2026-03-07,2026-02-07,15
884,C83,Sports item 32,Sports,38000.0,1,38000,2026-04-03,2026-02-07,32
885,C83,Home item 6,Home,16000.0,1,16000,2026-05-01,2026-02-07,6
886,C83,Sports item 31,Sports,37000.0,1,37000,2026-05-28,2026-02-07,31
887,C83,Sports item 35,Sports,41000.0,1,41000,2026-06-24,2026-02-07,35
888,C83,Sports item 31,Sports,37000.0,1,37000,2026-07-21,2026-02-07,31
889,C84,Beauty item 14,Beauty,22000.0,1,22000,2026-03-13,2026-03-12,14
890,C84,Home item 0,Home,10000.0,1,10000,2026-04-03,2026-03-12,0
891,C84,Electronics item 42,Electronics,46000.0,2,92000,2026-04-25,2026-03-12,42
892,C84,Beauty item 15,Beauty,23000.0,1,23000,2026-05-16,2026-03-12,15
893,C84,Electronics item 38,Electronics,42000.0,1,42000,2026-06-06,2026-03-12,38
894,C84,Home item 9,Home,19000.0,3,57000,2026-06-28,2026-03-12,9
895,C84,Home item 7,Home,17000.0,1,17000,2026-07-19,2026-03-12,7
896,C85,Electronics item 37,Electronics,41000.0,1,41000,2026-01-17,2026-01-16,37
897,C85,Electronics item 45,Electronics,49000.0,1,49000,2026-02-22,2026-01-16,45
898,C85,Electronics item 41,Electronics,45000.0,1,45000,2026-03-30,2026-01-16,41
899,C85,Electronics item 36,Electronics,40000.0,2,80000,2026-05-05,2026-01-16,36
900,C85,Home item 11,Home,21000.0,3,63000,2026-06-09,2026-01-16,11
901,C85,Electronics item 43,Electronics,47000.0,3,141000,2026-07-15,2026-01-16,43
902,C85,Sports item 32,Sports,38000.0,2,76000,2026-08-20,2026-01-16,32
903,C86,Home item 8,Home,18000.0,1,18000,2026-01-25,2026-01-24,8
904,C86,Home item 6,Home,16000.0,3,48000,2026-02-28,2026-01-24,6
905,C86,Electronics item 41,Electronics,45000.0,1,45000,2026-04-04,2026-01-24,41
906,C86,Beauty item 13,Beauty,21000.0,2,42000,2026-05-09,2026-01-24,13
907,C86,Electronics item 36,Electronics,40000.0,2,80000,2026-06-12,2026-01-24,36
908,C86,Home item 6,Home,16000.0,3,48000,2026-07-16,2026-01-24,6
909,C86,Beauty item 13,Beauty,21000.0,1,21000,2026-08-20,2026-01-24,13
910,C87,Beauty item 13,Beauty,21000.0,2,42000,2026-03-03,2026-03-02,13
911,C87,Beauty item 13,Beauty,21000.0,2,42000,2026-04-02,2026-03-02,13
912,C87,Sports item 32,Sports,38000.0,2,76000,2026-05-02,2026-03-02,32
913,C87,Electronics item 43,Electronics,47000.0,3,141000,2026-06-01,2026-03-02,43
914,C87,Electronics item 43,Electronics,47000.0,3,141000,2026-06-30,2026-03-02,43
915,C87,Sports item 35,Sports,41000.0,2,82000,2026-07-30,2026-03-02,35
916,C87,Home item 9,Home,19000.0,2,38000,2026-08-29,2026-03-02,9
917,C88,Electronics item 46,Electronics,50000.0,3,150000,2026-03-09,2026-03-08,46
918,C88,Sports item 26,Sports,32000.0,2,64000,2026-04-06,2026-03-08,26
919,C88,Sports item 26,Sports,32000.0,1,32000,2026-05-04,2026-03-08,26
920,C88,Sports item 33,Sports,39000.0,2,78000,2026-06-01,2026-03-08,33
921,C88,Electronics item 36,Electronics,40000.0,1,40000,2026-06-29,2026-03-08,36
922,C88,Electronics item 45,Electronics,49000.0,1,49000,2026-07-27,2026-03-08,45
923,C88,Sports item 27,Sports,33000.0,2,66000,2026-08-24,2026-03-08,27
924,C89,Sports item 29,Sports,35000.0,3,105000,2026-01-13,2026-01-12,29
925,C89,Sports item 35,Sports,41000.0,3,123000,2026-02-16,2026-01-12,35
926,C89,Beauty item 12,Beauty,20000.0,1,20000,2026-03-22,2026-01-12,12
927,C89,Beauty item 14,Beauty,22000.0,2,44000,2026-04-25,2026-01-12,14
928,C89,Sports item 30,Sports,36000.0,1,36000,2026-05-30,2026-01-12,30
929,C89,Home item 3,Home,13000.0,3,39000,2026-07-03,2026-01-12,3
930,C89,Beauty item 15,Beauty,23000.0,1,23000,2026-08-06,2026-01-12,15
931,C90,Sports item 34,Sports,40000.0,3,120000,2026-02-21,2026-02-20,34
932,C90,Electronics item 46,Electronics,50000.0,3,150000,2026-03-21,2026-02-20,46
933,C90,Sports item 24,Sports,30000.0,3,90000,2026-04-17,2026-02-20,24
934,C90,Beauty item 19,Beauty,27000.0,1,27000,2026-05-15,2026-02-20,19
935,C90,Beauty item 21,Beauty,29000.0,3,87000,2026-06-12,2026-02-20,21
936,C90,Sports item 32,Sports,38000.0,3,114000,2026-07-09,2026-02-20,32
937,C90,Sports item 26,Sports,32000.0,2,64000,2026-08-06,2026-02-20,26
938,C91,Home item 1,Home,11000.0,3,33000,2026-02-07,2026-02-06,1
939,C91,Sports item 25,Sports,31000.0,3,93000,2026-03-10,2026-02-06,25
940,C91,Beauty item 19,Beauty,27000.0,1,27000,2026-04-11,2026-02-06,19
941,C91,Sports item 33,Sports,39000.0,3,117000,2026-05-12,2026-02-06,33
942,C91,Electronics item 42,Electronics,46000.0,3,138000,2026-06-12,2026-02-06,42
943,C91,Electronics item 46,Electronics,50000.0,1,50000,2026-07-14,2026-02-06,46
944,C91,Sports item 29,Sports,35000.0,1,35000,2026-08-14,2026-02-06,29
945,C92,Beauty item 17,Beauty,25000.0,3,75000,2026-02-21,2026-02-20,17
946,C92,Beauty item 21,Beauty,29000.0,1,29000,2026-03-23,2026-02-20,21
947,C92,Home item 8,Home,18000.0,2,36000,2026-04-21,2026-02-20,8
948,C92,Electronics item 44,Electronics,48000.0,3,144000,2026-05-20,2026-02-20,44
949,C92,Electronics item 40,Electronics,44000.0,2,88000,2026-06-19,2026-02-20,40
950,C92,Electronics item 40,Electronics,44000.0,3,132000,2026-07-19,2026-02-20,40
951,C92,Beauty item 15,Beauty,23000.0,1,23000,2026-08-17,2026-02-20,15
952,C93,Beauty item 15,Beauty,23000.0,1,23000,2026-04-07,2026-04-06,15
953,C93,Electronics item 41,Electronics,45000.0,3,135000,2026-04-25,2026-04-06,41
954,C93,Sports item 26,Sports,32000.0,2,64000,2026-05-13,2026-04-06,26
955,C93,Sports item 33,Sports,39000.0,1,39000,2026-05-31,2026-04-06,33
956,C93,Beauty item 23,Beauty,31000.0,1,31000,2026-06-19,2026-04-06,23
957,C93,Beauty item 21,Beauty,29000.0,2,58000,2026-07-07,2026-04-06,21
958,C93,Sports item 30,Sports,36000.0,2,72000,2026-07-25,2026-04-06,30
959,C94,Electronics item 39,Electronics,43000.0,1,43000,2026-01-09,2026-01-08,39
960,C94,Beauty item 16,Beauty,24000.0,2,48000,2026-02-14,2026-01-08,16
961,C94,Electronics item 38,Electronics,42000.0,2,84000,2026-03-21,2026-01-08,38
962,C94,Home item 11,Home,21000.0,2,42000,2026-04-25,2026-01-08,11
963,C94,Beauty item 19,Beauty,27000.0,1,27000,2026-05-31,2026-01-08,19
964,C94,Electronics item 43,Electronics,47000.0,2,94000,2026-07-06,2026-01-08,43
965,C94,Electronics item 45,Electronics,49000.0,3,147000,2026-08-10,2026-01-08,45
966,C95,Electronics item 44,Electronics,48000.0,1,48000,2026-04-11,2026-04-10,44
967,C95,Beauty item 15,Beauty,23000.0,1,23000,2026-04-29,2026-04-10,15
968,C95,Electronics item 40,Electronics,44000.0,3,132000,2026-05-16,2026-04-10,40
969,C95,Electronics item 44,Electronics,48000.0,2,96000,2026-06-03,2026-04-10,44
970,C95,Electronics item 46,Electronics,50000.0,3,150000,2026-06-21,2026-04-10,46
971,C95,Home item 1,Home,11000.0,2,22000,2026-07-08,2026-04-10,1
972,C95,Sports item 35,Sports,41000.0,3,123000,2026-07-26,2026-04-10,35
973,C96,Electronics item 47,Electronics,51000.0,2,102000,2026-02-15,2026-02-14,47
974,C96,Electronics item 36,Electronics,40000.0,1,40000,2026-03-13,2026-02-14,36
975,C96,Home item 11,Home,21000.0,3,63000,2026-04-07,2026-02-14,11
976,C96,Electronics item 36,Electronics,40000.0,2,80000,2026-05-03,2026-02-14,36
977,C96,Home item 5,Home,15000.0,1,15000,2026-05-29,2026-02-14,5
978,C96,Beauty item 23,Beauty,31000.0,2,62000,2026-06-23,2026-02-14,23
979,C96,Sports item 30,Sports,36000.0,2,72000,2026-07-19,2026-02-14,30
980,C97,Beauty item 21,Beauty,29000.0,1,29000,2026-03-20,2026-03-19,21
981,C97,Sports item 33,Sports,39000.0,3,117000,2026-04-14,2026-03-19,33
982,C97,Home item 11,Home,21000.0,1,21000,2026-05-09,2026-03-19,11
983,C97,Sports item 29,Sports,35000.0,1,35000,2026-06-03,2026-03-19,29
984,C97,Sports item 30,Sports,36000.0,2,72000,2026-06-28,2026-03-19,30
985,C97,Sports item 30,Sports,36000.0,3,108000,2026-07-23,2026-03-19,30
986,C97,Beauty item 13,Beauty,21000.0,3,63000,2026-08-17,2026-03-19,13
987,C98,Beauty item 14,Beauty,22000.0,3,66000,2026-02-13,2026-02-12,14
988,C98,Beauty item 12,Beauty,20000.0,1,20000,2026-03-17,2026-02-12,12
989,C98,Beauty item 22,Beauty,30000.0,3,90000,2026-04-17,2026-02-12,22
990,C98,Sports item 28,Sports,34000.0,3,102000,2026-05-19,2026-02-12,28
991,C98,Beauty item 17,Beauty,25000.0,2,50000,2026-06-20,2026-02-12,17
992,C98,Beauty item 19,Beauty,27000.0,2,54000,2026-07-21,2026-02-12,19
993,C98,Beauty item 13,Beauty,21000.0,1,21000,2026-08-22,2026-02-12,13
994,C99,Home item 10,Home,20000.0,3,60000,2026-02-02,2026-02-01,10
995,C99,Sports item 31,Sports,37000.0,3,111000,2026-03-02,2026-02-01,31
996,C99,Electronics item 39,Electronics,43000.0,2,86000,2026-03-30,2026-02-01,39
997,C99,Beauty item 13,Beauty,21000.0,2,42000,2026-04-27,2026-02-01,13
998,C99,Electronics item 41,Electronics,45000.0,2,90000,2026-05-25,2026-02-01,41
999,C99,Sports item 27,Sports,33000.0,1,33000,2026-06-22,2026-02-01,27
1000,C99,Home item 8,Home,18000.0,2,36000,2026-07-20,2026-02-01,8
1001,C100,Beauty item 17,Beauty,25000.0,3,75000,2026-03-20,2026-03-19,17
1002,C100,Home item 0,Home,10000.0,3,30000,2026-04-12,2026-03-19,0
1003,C100,Home item 1,Home,11000.0,3,33000,2026-05-04,2026-03-19,1
1004,C100,Beauty item 16,Beauty,24000.0,2,48000,2026-05-27,2026-03-19,16
1005,C100,Beauty item 21,Beauty,29000.0,3,87000,2026-06-19,2026-03-19,21
1006,C100,Electronics item 38,Electronics,42000.0,2,84000,2026-07-11,2026-03-19,38
1007,C100,Home item 6,Home,16000.0,2,32000,2026-08-03,2026-03-19,6
1008,C101,Electronics item 40,Electronics,,2,88000,2026-03-11,2026-03-10,40
1009,C101,Home item 11,Home,21000.0,3,63000,2026-04-07,2026-03-10,11
1010,C101,Home item 6,Home,16000.0,3,48000,2026-05-03,2026-03-10,6
1011,C101,Sports item 33,Sports,39000.0,1,39000,2026-05-30,2026-03-10,33
1012,C101,Electronics item 37,Electronics,41000.0,1,41000,2026-06-26,2026-03-10,37
1013,C101,Sports item 29,Sports,,2,70000,2026-07-22,2026-03-10,29
1014,C101,Home item 5,Home,15000.0,2,30000,2026-08-18,2026-03-10,5
1015,C102,Home item 5,Home,300000.0,3,45000,2026-01-16,2026-01-15,5
1016,C102,Beauty item 18,Beauty,26000.0,2,52000,2026-02-18,2026-01-15,18
1017,C102,Beauty item 21,Beauty,29000.0,2,58000,2026-03-23,2026-01-15,21
1018,C102,Electronics item 47,Electronics,51000.0,3,153000,2026-04-26,2026-01-15,47
1019,C102,Beauty item 13,Beauty,21000.0,2,42000,2026-05-29,2026-01-15,13
1020,C102,Home item 9,Home,19000.0,2,38000,2026-07-01,2026-01-15,9
1021,C102,Electronics item 45,Electronics,49000.0,2,98000,2026-08-03,2026-01-15,45
1022,C103,Home item 7,Home,17000.0,2,34000,2026-03-13,2026-03-12,7
1023,C103,Home item 1,Home,11000.0,3,33000,2026-04-07,2026-03-12,1
1024,C103,Beauty item 20,Beauty,28000.0,3,84000,2026-05-01,2026-03-12,20
1025,C103,Beauty item 19,Beauty,27000.0,2,54000,2026-05-26,2026-03-12,19
1026,C103,Sports item 29,Sports,35000.0,2,70000,2026-06-20,2026-03-12,29
1027,C103,Electronics item 42,Electronics,46000.0,2,92000,2026-07-14,2026-03-12,42
1028,C103,Electronics item 44,Electronics,48000.0,1,48000,2026-08-08,2026-03-12,44
1029,C104,Beauty item 13,Beauty,420000.0,2,42000,2026-03-18,2026-03-17,13
1030,C104,Electronics item 47,Electronics,,1,51000,2026-04-08,2026-03-17,47
1031,C104,Sports item 30,Sports,36000.0,1,36000,2026-04-29,2026-03-17,30
1032,C104,Home item 3,Home,13000.0,1,13000,2026-05-20,2026-03-17,3
1033,C104,Electronics item 45,Electronics,49000.0,2,98000,2026-06-10,2026-03-17,45
1034,C104,Home item 6,Home,16000.0,1,16000,2026-07-01,2026-03-17,6
1035,C104,Sports item 28,Sports,34000.0,2,68000,2026-07-22,2026-03-17,28
1036,C105,Electronics item 37,Electronics,41000.0,2,82000,2026-02-09,2026-02-08,37
1037,C105,Home item 11,Home,21000.0,2,42000,2026-03-13,2026-02-08,11
1038,C105,Beauty item 12,Beauty,20000.0,3,60000,2026-04-14,2026-02-08,12
1039,C105,Beauty item 22,Beauty,30000.0,2,60000,2026-05-16,2026-02-08,22
1040,C105,Electronics item 42,Electronics,46000.0,3,138000,2026-06-16,2026-02-08,42
1041,C105,Home item 10,Home,20000.0,3,60000,2026-07-18,2026-02-08,10
1042,C105,Sports item 31,Sports,37000.0,1,37000,2026-08-19,2026-02-08,31
1043,C106,Beauty item 21,Beauty,29000.0,1,29000,2026-04-04,2026-04-03,21
1044,C106,Home item 5,Home,15000.0,2,30000,2026-04-22,2026-04-03,5
1045,C106,Sports item 34,Sports,40000.0,3,120000,2026-05-09,2026-04-03,34
1046,C106,Electronics item 39,Electronics,,1,43000,2026-05-26,2026-04-03,39
1047,C106,Sports item 27,Sports,33000.0,1,33000,2026-06-13,2026-04-03,27
1048,C106,Home item 8,Home,18000.0,3,54000,2026-07-01,2026-04-03,8
1049,C106,Home item 7,Home,17000.0,3,51000,2026-07-18,2026-04-03,7
1050,C107,Beauty item 20,Beauty,28000.0,1,28000,2026-03-07,2026-03-06,20
1051,C107,Sports item 24,Sports,30000.0,2,60000,2026-03-29,2026-03-06,24
1052,C107,Sports item 26,Sports,32000.0,2,64000,2026-04-21,2026-03-06,26
1053,C107,Home item 11,Home,21000.0,1,21000,2026-05-14,2026-03-06,11
1054,C107,Sports item 24,Sports,30000.0,1,30000,2026-06-05,2026-03-06,24
1055,C107,Beauty item 14,Beauty,22000.0,2,44000,2026-06-27,2026-03-06,14
1056,C107,Sports item 32,Sports,38000.0,2,76000,2026-07-20,2026-03-06,32
1057,C108,Electronics item 38,Electronics,42000.0,1,42000,2026-02-04,2026-02-03,38
1058,C108,Sports item 31,Sports,37000.0,2,74000,2026-03-09,2026-02-03,31
1059,C108,Home item 0,Home,10000.0,1,10000,2026-04-12,2026-02-03,0
1060,C108,Electronics item 47,Electronics,51000.0,3,153000,2026-05-15,2026-02-03,47
1061,C108,Home item 1,Home,11000.0,1,11000,2026-06-17,2026-02-03,1
1062,C108,Electronics item 47,Electronics,51000.0,1,51000,2026-07-21,2026-02-03,47
1063,C108,Home item 1,Home,11000.0,1,11000,2026-08-23,2026-02-03,1
1064,C109,Sports item 24,Sports,30000.0,3,90000,2026-01-03,2026-01-02,24
1065,C109,Home item 5,Home,15000.0,3,45000,2026-02-11,2026-01-02,5
1066,C109,Home item 4,Home,14000.0,2,28000,2026-03-21,2026-01-02,4
1067,C109,Sports item 32,Sports,38000.0,1,38000,2026-04-29,2026-01-02,32
1068,C109,Sports item 34,Sports,40000.0,3,120000,2026-06-07,2026-01-02,34
1069,C109,Home item 5,Home,15000.0,2,30000,2026-07-15,2026-01-02,5
1070,C109,Electronics item 46,Electronics,50000.0,3,150000,2026-08-23,2026-01-02,46
1071,C110,Beauty item 15,Beauty,23000.0,2,46000,2026-03-10,2026-03-09,15
1072,C110,Beauty item 15,Beauty,,3,69000,2026-04-04,2026-03-09,15
1073,C110,Beauty item 14,Beauty,22000.0,3,66000,2026-04-29,2026-03-09,14
1074,C110,Beauty item 22,Beauty,30000.0,1,30000,2026-05-24,2026-03-09,22
1075,C110,Home item 8,Home,18000.0,3,54000,2026-06-18,2026-03-09,8
1076,C110,Beauty item 20,Beauty,28000.0,1,28000,2026-07-13,2026-03-09,20
1077,C110,Home item 10,Home,20000.0,2,40000,2026-08-07,2026-03-09,10
1078,C111,Home item 2,Home,12000.0,1,12000,2026-01-22,2026-01-21,2
1079,C111,Beauty item 17,Beauty,25000.0,3,75000,2026-02-27,2026-01-21,17
1080,C111,Sports item 32,Sports,38000.0,1,38000,2026-04-05,2026-01-21,32
1081,C111,Electronics item 36,Electronics,40000.0,2,80000,2026-05-12,2026-01-21,36
1082,C111,Beauty item 16,Beauty,24000.0,2,48000,2026-06-17,2026-01-21,16
1083,C111,Beauty item 15,Beauty,23000.0,3,69000,2026-07-23,2026-01-21,15
1084,C111,Electronics item 37,Electronics,41000.0,3,123000,2026-08-29,2026-01-21,37
1085,C112,Sports item 32,Sports,38000.0,1,38000,2026-03-18,2026-03-17,32
1086,C112,Electronics item 39,Electronics,43000.0,3,129000,2026-04-12,2026-03-17,39
1087,C112,Electronics item 43,Electronics,47000.0,1,47000,2026-05-08,2026-03-17,43
1088,C112,Electronics item 39,Electronics,43000.0,2,86000,2026-06-02,2026-03-17,39
1089,C112,Electronics item 44,Electronics,48000.0,2,96000,2026-06-27,2026-03-17,44
1090,C112,Beauty item 19,Beauty,27000.0,2,54000,2026-07-23,2026-03-17,19
1091,C112,Beauty item 18,Beauty,26000.0,3,78000,2026-08-17,2026-03-17,18
1092,C113,Beauty item 15,Beauty,,3,69000,2026-02-23,2026-02-22,15
1093,C113,Home item 11,Home,21000.0,2,42000,2026-03-23,2026-02-22,11
1094,C113,Sports item 35,Sports,41000.0,3,123000,2026-04-20,2026-02-22,35
1095,C113,Sports item 34,Sports,40000.0,1,40000,2026-05-18,2026-02-22,34
1096,C113,Electronics item 38,Electronics,42000.0,1,42000,2026-06-16,2026-02-22,38
1097,C113,Home item 8,Home,18000.0,2,36000,2026-07-14,2026-02-22,8
1098,C113,Beauty item 23,Beauty,31000.0,2,62000,2026-08-11,2026-02-22,23
1099,C114,Home item 10,Home,20000.0,3,60000,2026-02-17,2026-02-16,10
1100,C114,Electronics item 42,Electronics,46000.0,3,138000,2026-03-14,2026-02-16,42
1101,C114,Beauty item 12,Beauty,20000.0,1,20000,2026-04-09,2026-02-16,12
1102,C114,Home item 6,Home,16000.0,1,16000,2026-05-04,2026-02-16,6
1103,C114,Sports item 27,Sports,33000.0,3,99000,2026-05-29,2026-02-16,27
1104,C114,Electronics item 42,Electronics,46000.0,2,92000,2026-06-24,2026-02-16,42
1105,C114,Electronics item 43,Electronics,47000.0,1,47000,2026-07-19,2026-02-16,43
1106,C115,Home item 4,Home,,3,42000,2026-01-18,2026-01-17,4
1107,C115,Beauty item 15,Beauty,23000.0,2,46000,2026-02-17,2026-01-17,15
1108,C115,Home item 7,Home,17000.0,3,51000,2026-03-19,2026-01-17,7
1109,C115,Beauty item 14,Beauty,22000.0,3,66000,2026-04-18,2026-01-17,14
1110,C115,Sports item 25,Sports,31000.0,3,93000,2026-05-19,2026-01-17,25
1111,C115,Beauty item 13,Beauty,21000.0,2,42000,2026-06-18,2026-01-17,13
1112,C115,Home item 3,Home,13000.0,3,39000,2026-07-18,2026-01-17,3
1113,C116,Sports item 24,Sports,30000.0,3,90000,2026-03-14,2026-03-13,24
1114,C116,Home item 2,Home,12000.0,1,12000,2026-04-10,2026-03-13,2
1115,C116,Home item 10,Home,20000.0,1,20000,2026-05-07,2026-03-13,10
1116,C116,Home item 0,Home,10000.0,1,10000,2026-06-04,2026-03-13,0
1117,C116,Home item 4,Home,14000.0,2,28000,2026-07-01,2026-03-13,4
1118,C116,Beauty item 20,Beauty,28000.0,2,56000,2026-07-28,2026-03-13,20
1119,C116,Electronics item 40,Electronics,44000.0,1,44000,2026-08-24,2026-03-13,40
1120,C117,Electronics item 37,Electronics,41000.0,2,82000,2026-01-18,2026-01-17,37
1121,C117,Home item 4,Home,14000.0,1,14000,2026-02-18,2026-01-17,4
1122,C117,Home item 1,Home,11000.0,2,22000,2026-03-21,2026-01-17,1
1123,C117,Beauty item 16,Beauty,24000.0,2,48000,2026-04-20,2026-01-17,16
1124,C117,Sports item 31,Sports,37000.0,2,74000,2026-05-21,2026-01-17,31
1125,C117,Sports item 35,Sports,41000.0,2,82000,2026-06-21,2026-01-17,35
1126,C117,Electronics item 39,Electronics,43000.0,2,86000,2026-07-22,2026-01-17,39
1127,C118,Beauty item 16,Beauty,24000.0,3,72000,2026-02-12,2026-02-11,16
1128,C118,Home item 8,Home,18000.0,3,54000,2026-03-16,2026-02-11,8
1129,C118,Home item 1,Home,11000.0,3,33000,2026-04-18,2026-02-11,1
1130,C118,Home item 7,Home,17000.0,2,34000,2026-05-21,2026-02-11,7
1131,C118,Home item 3,Home,13000.0,2,26000,2026-06-22,2026-02-11,3
1132,C118,Electronics item 41,Electronics,45000.0,1,45000,2026-07-24,2026-02-11,41
1133,C118,Beauty item 12,Beauty,20000.0,2,40000,2026-08-26,2026-02-11,12
1134,C119,Electronics item 39,Electronics,43000.0,1,43000,2026-03-26,2026-03-25,39
1135,C119,Sports item 26,Sports,32000.0,2,64000,2026-04-16,2026-03-25,26
1136,C119,Sports item 25,Sports,31000.0,1,31000,2026-05-07,2026-03-25,25
1137,C119,Beauty item 21,Beauty,29000.0,2,58000,2026-05-27,2026-03-25,21
1138,C119,Electronics item 39,Electronics,43000.0,3,129000,2026-06-17,2026-03-25,39
1139,C119,Home item 2,Home,12000.0,3,36000,2026-07-08,2026-03-25,2
1140,C119,Home item 4,Home,14000.0,2,28000,2026-07-29,2026-03-25,4
1141,C120,Beauty item 20,Beauty,28000.0,1,28000,2026-09-12,2026-09-09,20
1142,C121,Beauty item 18,Beauty,26000.0,1,26000,2026-09-07,2026-09-04,18
1143,C122,Sports item 26,Sports,32000.0,1,32000,2026-09-08,2026-09-05,26
1144,C123,Sports item 35,Sports,41000.0,3,123000,2026-09-26,2026-09-23,35
1145,C124,Sports item 28,Sports,34000.0,3,102000,2026-09-06,2026-09-03,28
1146,C125,Beauty item 12,Beauty,20000.0,2,40000,2026-09-14,2026-09-11,12
1147,C126,Beauty item 15,Beauty,23000.0,1,23000,2026-09-21,2026-09-18,15
1148,C127,Electronics item 36,Electronics,40000.0,1,40000,2026-09-15,2026-09-12,36
1149,C128,Home item 9,Home,19000.0,3,57000,2026-09-01,2026-08-29,9
1150,C129,Sports item 24,Sports,30000.0,1,30000,2026-09-05,2026-09-02,24
1151,C130,Sports item 25,Sports,31000.0,1,31000,2026-09-05,2026-09-02,25
1152,C131,Electronics item 36,Electronics,40000.0,1,40000,2026-09-17,2026-09-14,36
1153,C132,Sports item 34,Sports,40000.0,1,40000,2026-09-07,2026-09-04,34
1154,C133,Beauty item 22,Beauty,30000.0,2,60000,2026-09-19,2026-09-16,22
1155,C134,Beauty item 14,Beauty,22000.0,3,66000,2026-09-10,2026-09-07,14
1156,C135,Beauty item 17,Beauty,25000.0,1,25000,2026-09-11,2026-09-08,17
1157,C136,Beauty item 19,Beauty,27000.0,3,81000,2026-09-23,2026-09-20,19
1158,C137,Home item 10,Home,20000.0,1,20000,2026-09-23,2026-09-20,10
1159,C138,Sports item 30,Sports,36000.0,1,36000,2026-09-29,2026-09-26,30
1160,C139,Home item 10,Home,20000.0,1,20000,2026-09-26,2026-09-23,10
1161,C140,Sports item 31,Sports,37000.0,3,111000,2026-09-17,2026-09-14,31
1162,C141,Electronics item 36,Electronics,40000.0,2,80000,2026-09-16,2026-09-13,36
1163,C142,Electronics item 46,Electronics,50000.0,3,150000,2026-09-26,2026-09-23,46
1164,C143,Home item 5,Home,15000.0,1,15000,2026-09-18,2026-09-15,5
1165,C144,Electronics item 36,Electronics,40000.0,1,40000,2026-09-12,2026-09-09,36
1166,C145,Home item 4,Home,14000.0,3,42000,2026-09-24,2026-09-21,4
1167,C146,Beauty item 16,Beauty,,1,24000,2026-09-20,2026-09-17,16
1168,C147,Home item 8,Home,18000.0,1,18000,2026-09-19,2026-09-16,8
1169,C148,Home item 7,Home,17000.0,2,34000,2026-09-15,2026-09-12,7
1170,C149,Home item 8,Home,18000.0,2,36000,2026-09-20,2026-09-17,8
1171,C150,Home item 2,Home,12000.0,1,12000,2026-09-08,2026-09-05,2
1172,C151,Electronics item 39,Electronics,43000.0,2,86000,2026-09-21,2026-09-18,39
1173,C152,Home item 2,Home,12000.0,3,36000,2026-09-17,2026-09-14,2
1174,C153,Beauty item 19,Beauty,27000.0,2,54000,2026-09-19,2026-09-16,19
1175,C154,Sports item 33,Sports,39000.0,2,78000,2026-09-25,2026-09-22,33
1176,C155,Electronics item 47,Electronics,51000.0,1,51000,2026-09-10,2026-09-07,47
1177,C156,Electronics item 40,Electronics,44000.0,2,88000,2026-09-23,2026-09-20,40
1178,C157,Home item 6,Home,16000.0,3,48000,2026-09-22,2026-09-19,6
1179,C158,Electronics item 47,Electronics,51000.0,2,102000,2026-09-07,2026-09-04,47
1180,C159,Sports item 31,Sports,37000.0,3,111000,2026-09-02,2026-08-30,31
1181,C160,Home item 8,Home,18000.0,1,18000,2026-09-10,2026-09-07,8
1182,C161,Beauty item 21,Beauty,29000.0,1,29000,2026-09-03,2026-08-31,21
1183,C162,Electronics item 44,Electronics,48000.0,2,96000,2026-09-05,2026-09-02,44
1184,C163,Beauty item 18,Beauty,26000.0,1,26000,2026-09-16,2026-09-13,18
1185,C164,Home item 8,Home,18000.0,2,36000,2026-09-07,2026-09-04,8
1186,C165,Electronics item 42,Electronics,46000.0,3,138000,2026-09-21,2026-09-18,42
1187,C166,Electronics item 45,Electronics,49000.0,2,98000,2026-09-17,2026-09-14,45
1188,C167,Electronics item 46,Electronics,50000.0,2,100000,2026-09-14,2026-09-11,46
1189,C168,Electronics item 45,Electronics,49000.0,3,147000,2026-09-02,2026-08-30,45
1190,C169,Electronics item 41,Electronics,45000.0,1,45000,2026-09-05,2026-09-02,41
1191,C170,Beauty item 21,Beauty,29000.0,3,87000,2026-09-16,2026-09-13,21
1192,C171,Home item 9,Home,19000.0,1,19000,2026-09-11,2026-09-08,9
1193,C172,Sports item 29,Sports,35000.0,3,105000,2026-09-24,2026-09-21,29
1194,C173,Home item 10,Home,20000.0,2,40000,2026-09-06,2026-09-03,10
1195,C174,Beauty item 22,Beauty,30000.0,1,30000,2026-09-14,2026-09-11,22
1196,C175,Sports item 31,Sports,37000.0,3,111000,2026-09-15,2026-09-12,31
1197,C176,Electronics item 45,Electronics,49000.0,1,49000,2026-09-08,2026-09-05,45
1198,C177,Beauty item 13,Beauty,21000.0,2,42000,2026-09-12,2026-09-09,13
1199,C178,Beauty item 12,Beauty,20000.0,3,60000,2026-09-28,2026-09-25,12
1200,C179,Sports item 35,Sports,41000.0,3,123000,2026-09-22,2026-09-19,35
1201,C180,Home item 0,Home,10000.0,3,30000,2026-03-31,2026-03-30,0
1202,C180,Sports item 27,Sports,33000.0,2,66000,2026-04-28,2026-03-30,27
1203,C180,Sports item 35,Sports,41000.0,2,82000,2026-05-25,2026-03-30,35
1204,C180,Sports item 26,Sports,32000.0,1,32000,2026-06-22,2026-03-30,26
1205,C181,Beauty item 18,Beauty,26000.0,3,78000,2026-02-04,2026-02-03,18
1206,C181,Electronics item 39,Electronics,43000.0,2,86000,2026-03-21,2026-02-03,39
1207,C181,Beauty item 17,Beauty,25000.0,3,75000,2026-05-06,2026-02-03,17
1208,C181,Sports item 34,Sports,40000.0,2,80000,2026-06-20,2026-02-03,34
1209,C182,Beauty item 22,Beauty,30000.0,3,90000,2026-04-05,2026-04-04,22
1210,C182,Home item 1,Home,11000.0,1,11000,2026-04-27,2026-04-04,1
1211,C182,Sports item 25,Sports,31000.0,3,93000,2026-05-18,2026-04-04,25
1212,C182,Home item 2,Home,12000.0,1,12000,2026-06-09,2026-04-04,2
1213,C183,Electronics item 44,Electronics,48000.0,1,48000,2026-03-27,2026-03-26,44
1214,C183,Sports item 28,Sports,34000.0,2,68000,2026-04-07,2026-03-26,28
1215,C183,Beauty item 17,Beauty,25000.0,2,50000,2026-04-19,2026-03-26,17
1216,C183,Beauty item 23,Beauty,31000.0,3,93000,2026-04-30,2026-03-26,23
1217,C184,Sports item 29,Sports,35000.0,2,70000,2026-02-04,2026-02-03,29
1218,C184,Beauty item 12,Beauty,20000.0,1,20000,2026-03-13,2026-02-03,12
1219,C184,Beauty item 13,Beauty,,1,21000,2026-04-19,2026-02-03,13
1220,C184,Beauty item 20,Beauty,28000.0,2,56000,2026-05-26,2026-02-03,20
1221,C185,Beauty item 12,Beauty,20000.0,2,40000,2026-02-19,2026-02-18,12
1222,C185,Electronics item 36,Electronics,40000.0,2,80000,2026-03-18,2026-02-18,36
1223,C185,Home item 4,Home,14000.0,1,14000,2026-04-14,2026-02-18,4
1224,C185,Electronics item 39,Electronics,43000.0,2,86000,2026-05-11,2026-02-18,39
1225,C186,Beauty item 16,Beauty,24000.0,2,48000,2026-02-24,2026-02-23,16
1226,C186,Sports item 26,Sports,32000.0,3,96000,2026-03-27,2026-02-23,26
1227,C186,Home item 7,Home,,2,34000,2026-04-28,2026-02-23,7
1228,C186,Beauty item 18,Beauty,26000.0,3,78000,2026-05-29,2026-02-23,18
1229,C187,Electronics item 36,Electronics,40000.0,1,40000,2026-03-19,2026-03-18,36
1230,C187,Beauty item 12,Beauty,,3,60000,2026-04-16,2026-03-18,12
1231,C187,Home item 6,Home,16000.0,1,16000,2026-05-15,2026-03-18,6
1232,C187,Sports item 25,Sports,31000.0,1,31000,2026-06-12,2026-03-18,25
1233,C188,Home item 7,Home,17000.0,3,51000,2026-03-11,2026-03-10,7
1234,C188,Beauty item 15,Beauty,23000.0,2,46000,2026-04-07,2026-03-10,15
1235,C188,Beauty item 21,Beauty,29000.0,2,58000,2026-05-04,2026-03-10,21
1236,C188,Sports item 27,Sports,33000.0,2,66000,2026-05-31,2026-03-10,27
1237,C189,Sports item 30,Sports,36000.0,3,108000,2026-03-28,2026-03-27,30
1238,C189,Sports item 32,Sports,38000.0,1,38000,2026-04-24,2026-03-27,32
1239,C189,Electronics item 40,Electronics,44000.0,1,44000,2026-05-21,2026-03-27,40
1240,C189,Home item 3,Home,13000.0,1,13000,2026-06-17,2026-03-27,3
1241,C190,Beauty item 17,Beauty,25000.0,3,75000,2026-02-07,2026-02-06,17
1242,C190,Home item 0,Home,10000.0,1,10000,2026-03-09,2026-02-06,0
1243,C190,Home item 0,Home,10000.0,2,20000,2026-04-07,2026-02-06,0
1244,C190,Home item 10,Home,20000.0,2,40000,2026-05-07,2026-02-06,10
1245,C191,Sports item 28,Sports,34000.0,1,34000,2026-02-21,2026-02-20,28
1246,C191,Electronics item 42,Electronics,46000.0,2,92000,2026-03-30,2026-02-20,42
1247,C191,Electronics item 37,Electronics,,1,41000,2026-05-05,2026-02-20,37
1248,C191,Sports item 31,Sports,37000.0,1,37000,2026-06-11,2026-02-20,31
1249,C192,Electronics item 37,Electronics,41000.0,1,41000,2026-02-14,2026-02-13,37
1250,C192,Home item 8,Home,18000.0,3,54000,2026-03-21,2026-02-13,8
1251,C192,Electronics item 40,Electronics,44000.0,2,88000,2026-04-26,2026-02-13,40
1252,C192,Electronics item 42,Electronics,46000.0,3,138000,2026-05-31,2026-02-13,42
1253,C193,Home item 4,Home,14000.0,2,28000,2026-04-02,2026-04-01,4
1254,C193,Beauty item 22,Beauty,30000.0,1,30000,2026-04-10,2026-04-01,22
1255,C193,Electronics item 39,Electronics,43000.0,2,86000,2026-04-17,2026-04-01,39
1256,C193,Beauty item 22,Beauty,30000.0,3,90000,2026-04-25,2026-04-01,22
1257,C194,Electronics item 40,Electronics,44000.0,2,88000,2026-02-01,2026-01-31,40
1258,C194,Electronics item 44,Electronics,48000.0,1,48000,2026-03-08,2026-01-31,44
1259,C194,Beauty item 22,Beauty,30000.0,1,30000,2026-04-13,2026-01-31,22
1260,C194,Home item 2,Home,12000.0,3,36000,2026-05-18,2026-01-31,2
1261,C195,Beauty item 16,Beauty,24000.0,2,48000,2026-03-01,2026-02-28,16
1262,C195,Home item 10,Home,20000.0,3,60000,2026-03-30,2026-02-28,10
1263,C195,Beauty item 22,Beauty,30000.0,2,60000,2026-04-27,2026-02-28,22
1264,C195,Sports item 28,Sports,34000.0,1,34000,2026-05-26,2026-02-28,28
1265,C196,Beauty item 22,Beauty,30000.0,3,90000,2026-01-14,2026-01-13,22
1266,C196,Home item 9,Home,19000.0,3,57000,2026-02-25,2026-01-13,9
1267,C196,Beauty item 14,Beauty,22000.0,3,66000,2026-04-09,2026-01-13,14
1268,C196,Sports item 32,Sports,,3,114000,2026-05-21,2026-01-13,32
1269,C197,Home item 1,Home,11000.0,1,11000,2026-03-28,2026-03-27,1
1270,C197,Home item 10,Home,20000.0,3,60000,2026-04-10,2026-03-27,10
1271,C197,Electronics item 42,Electronics,46000.0,1,46000,2026-04-23,2026-03-27,42
1272,C197,Home item 4,Home,14000.0,3,42000,2026-05-06,2026-03-27,4
1273,C198,Beauty item 19,Beauty,27000.0,1,27000,2026-02-09,2026-02-08,19
1274,C198,Home item 9,Home,19000.0,2,38000,2026-03-20,2026-02-08,9
1275,C198,Home item 5,Home,15000.0,3,45000,2026-04-29,2026-02-08,5
1276,C198,Beauty item 20,Beauty,28000.0,1,28000,2026-06-07,2026-02-08,20
1277,C199,Sports item 25,Sports,31000.0,1,31000,2026-02-05,2026-02-04,25
1278,C199,Home item 8,Home,18000.0,3,54000,2026-03-10,2026-02-04,8
1279,C199,Home item 3,Home,13000.0,1,13000,2026-04-12,2026-02-04,3
1280,C199,Home item 6,Home,16000.0,2,32000,2026-05-15,2026-02-04,6
1281,C200,Sports item 31,Sports,37000.0,3,111000,2026-03-01,2026-02-28,31
1282,C200,Electronics item 41,Electronics,45000.0,2,90000,2026-03-21,2026-02-28,41
1283,C200,Home item 8,Home,18000.0,2,36000,2026-04-11,2026-02-28,8
1284,C200,Beauty item 15,Beauty,23000.0,2,46000,2026-05-01,2026-02-28,15
1285,C201,Beauty item 16,Beauty,24000.0,2,48000,2026-02-20,2026-02-19,16
1286,C201,Beauty item 17,Beauty,25000.0,2,50000,2026-03-21,2026-02-19,17
1287,C201,Home item 11,Home,21000.0,2,42000,2026-04-20,2026-02-19,11
1288,C201,Home item 2,Home,12000.0,1,12000,2026-05-19,2026-02-19,2
1289,C202,Sports item 25,Sports,31000.0,2,62000,2026-03-27,2026-03-26,25
1290,C202,Beauty item 17,Beauty,25000.0,3,75000,2026-04-16,2026-03-26,17
1291,C202,Beauty item 16,Beauty,24000.0,3,72000,2026-05-07,2026-03-26,16
1292,C202,Beauty item 12,Beauty,20000.0,1,20000,2026-05-27,2026-03-26,12
1293,C203,Electronics item 44,Electronics,48000.0,3,144000,2026-02-24,2026-02-23,44
1294,C203,Sports item 29,Sports,35000.0,3,105000,2026-04-02,2026-02-23,29
1295,C203,Beauty item 20,Beauty,28000.0,1,28000,2026-05-08,2026-02-23,20
1296,C203,Home item 9,Home,19000.0,3,57000,2026-06-14,2026-02-23,9
1297,C204,Electronics item 38,Electronics,42000.0,2,84000,2026-02-22,2026-02-21,38
1298,C204,Electronics item 42,Electronics,46000.0,2,92000,2026-03-29,2026-02-21,42
1299,C204,Home item 1,Home,11000.0,3,33000,2026-05-04,2026-02-21,1
1300,C204,Electronics item 44,Electronics,48000.0,2,96000,2026-06-08,2026-02-21,44
1301,C205,Sports item 33,Sports,39000.0,2,78000,2026-01-12,2026-01-11,33
1302,C205,Home item 4,Home,14000.0,1,14000,2026-02-16,2026-01-11,4
1303,C205,Electronics item 36,Electronics,40000.0,3,120000,2026-03-23,2026-01-11,36
1304,C205,Home item 5,Home,,3,45000,2026-04-27,2026-01-11,5
1305,C206,Home item 2,Home,12000.0,1,12000,2026-01-04,2026-01-03,2
1306,C206,Home item 5,Home,15000.0,3,45000,2026-02-19,2026-01-03,5
1307,C206,Beauty item 22,Beauty,30000.0,1,30000,2026-04-05,2026-01-03,22
1308,C206,Sports item 29,Sports,35000.0,2,70000,2026-05-21,2026-01-03,29
1309,C207,Beauty item 19,Beauty,27000.0,3,81000,2026-02-10,2026-02-09,19
1310,C207,Home item 5,Home,,1,15000,2026-03-20,2026-02-09,5
1311,C207,Home item 9,Home,19000.0,2,38000,2026-04-27,2026-02-09,9
1312,C207,Electronics item 40,Electronics,44000.0,1,44000,2026-06-04,2026-02-09,40
1313,C208,Electronics item 46,Electronics,50000.0,3,150000,2026-04-11,2026-04-10,46
1314,C208,Electronics item 36,Electronics,40000.0,2,80000,2026-04-27,2026-04-10,36
1315,C208,Home item 4,Home,14000.0,2,28000,2026-05-12,2026-04-10,4
1316,C208,Electronics item 39,Electronics,860000.0,3,129000,2026-05-28,2026-04-10,39
1317,C209,Sports item 33,Sports,39000.0,2,78000,2026-04-03,2026-04-02,33
1318,C209,Sports item 25,Sports,31000.0,3,93000,2026-04-18,2026-04-02,25
1319,C209,Home item 6,Home,16000.0,1,16000,2026-05-04,2026-04-02,6
1320,C209,Electronics item 47,Electronics,51000.0,1,51000,2026-05-19,2026-04-02,47
1321,C210,Beauty item 21,Beauty,29000.0,3,87000,2026-03-05,2026-03-04,21
1322,C210,Home item 2,Home,,3,36000,2026-03-31,2026-03-04,2
1323,C210,Home item 10,Home,20000.0,2,40000,2026-04-25,2026-03-04,10
1324,C210,Beauty item 19,Beauty,27000.0,2,54000,2026-05-21,2026-03-04,19
1325,C211,Home item 2,Home,12000.0,1,12000,2026-03-06,2026-03-05,2
1326,C211,Beauty item 15,Beauty,23000.0,3,69000,2026-03-28,2026-03-05,15
1327,C211,Beauty item 22,Beauty,30000.0,3,90000,2026-04-20,2026-03-05,22
1328,C211,Electronics item 45,Electronics,49000.0,1,49000,2026-05-12,2026-03-05,45
1329,C212,Home item 4,Home,14000.0,2,28000,2026-02-10,2026-02-09,4
1330,C212,Sports item 27,Sports,33000.0,2,66000,2026-03-21,2026-02-09,27
1331,C212,Electronics item 43,Electronics,47000.0,2,94000,2026-04-29,2026-02-09,43
1332,C212,Electronics item 38,Electronics,42000.0,3,126000,2026-06-07,2026-02-09,38
1333,C213,Electronics item 44,Electronics,48000.0,1,48000,2026-01-19,2026-01-18,44
1334,C213,Home item 8,Home,18000.0,1,18000,2026-02-27,2026-01-18,8
1335,C213,Electronics item 38,Electronics,42000.0,1,42000,2026-04-06,2026-01-18,38
1336,C213,Electronics item 46,Electronics,50000.0,3,150000,2026-05-15,2026-01-18,46
1337,C214,Beauty item 15,Beauty,23000.0,2,46000,2026-01-02,2026-01-01,15
1338,C214,Beauty item 23,Beauty,31000.0,3,93000,2026-02-19,2026-01-01,23
1339,C214,Sports item 25,Sports,31000.0,2,62000,2026-04-09,2026-01-01,25
1340,C214,Beauty item 23,Beauty,31000.0,1,31000,2026-05-27,2026-01-01,23
1341,C215,Beauty item 13,Beauty,,2,42000,2026-02-04,2026-02-03,13
1342,C215,Electronics item 46,Electronics,,1,50000,2026-03-03,2026-02-03,46
1343,C215,Electronics item 45,Electronics,49000.0,3,147000,2026-03-31,2026-02-03,45
1344,C215,Beauty item 18,Beauty,26000.0,3,78000,2026-04-27,2026-02-03,18
1345,C216,Electronics item 38,Electronics,42000.0,3,126000,2026-02-02,2026-02-01,38
1346,C216,Beauty item 19,Beauty,27000.0,2,54000,2026-03-18,2026-02-01,19
1347,C216,Electronics item 38,Electronics,42000.0,1,42000,2026-04-30,2026-02-01,38
1348,C216,Sports item 28,Sports,34000.0,1,34000,2026-06-13,2026-02-01,28
1349,C217,Beauty item 22,Beauty,30000.0,2,60000,2026-01-21,2026-01-20,22
1350,C217,Home item 6,Home,16000.0,2,32000,2026-03-10,2026-01-20,6
1351,C217,Sports item 31,Sports,37000.0,3,111000,2026-04-27,2026-01-20,31
1352,C217,Beauty item 15,Beauty,23000.0,3,69000,2026-06-14,2026-01-20,15
1353,C218,Home item 10,Home,20000.0,1,20000,2026-01-27,2026-01-26,10
1354,C218,Home item 9,Home,19000.0,1,19000,2026-03-08,2026-01-26,9
1355,C218,Electronics item 47,Electronics,51000.0,2,102000,2026-04-16,2026-01-26,47
1356,C218,Home item 4,Home,14000.0,2,28000,2026-05-26,2026-01-26,4
1357,C219,Electronics item 38,Electronics,42000.0,1,42000,2026-01-04,2026-01-03,38
1358,C219,Electronics item 41,Electronics,45000.0,3,135000,2026-02-19,2026-01-03,41
1359,C219,Home item 1,Home,11000.0,3,33000,2026-04-07,2026-01-03,1
1360,C219,Sports item 28,Sports,,2,68000,2026-05-23,2026-01-03,28
1361,C220,Sports item 27,Sports,,1,33000,2026-03-03,2026-03-02,27
1362,C220,Beauty item 17,Beauty,25000.0,3,75000,2026-03-26,2026-03-02,17
1363,C220,Sports item 32,Sports,38000.0,1,38000,2026-04-19,2026-03-02,32
1364,C220,Beauty item 19,Beauty,27000.0,2,54000,2026-05-12,2026-03-02,19
1365,C221,Beauty item 21,Beauty,29000.0,3,87000,2026-04-04,2026-04-03,21
1366,C221,Beauty item 20,Beauty,28000.0,3,84000,2026-04-22,2026-04-03,20
1367,C221,Electronics item 38,Electronics,42000.0,1,42000,2026-05-11,2026-04-03,38
1368,C221,Sports item 30,Sports,36000.0,2,72000,2026-05-29,2026-04-03,30
1369,C222,Beauty item 18,Beauty,26000.0,1,26000,2026-03-12,2026-03-11,18
1370,C222,Electronics item 44,Electronics,48000.0,1,48000,2026-03-28,2026-03-11,44
1371,C222,Electronics item 38,Electronics,42000.0,2,84000,2026-04-13,2026-03-11,38
1372,C222,Electronics item 44,Electronics,,3,144000,2026-04-29,2026-03-11,44
1373,C223,Sports item 35,Sports,41000.0,3,123000,2026-02-15,2026-02-14,35
1374,C223,Beauty item 18,Beauty,26000.0,2,52000,2026-03-20,2026-02-14,18
1375,C223,Electronics item 37,Electronics,41000.0,1,41000,2026-04-22,2026-02-14,37
1376,C223,Beauty item 15,Beauty,23000.0,1,23000,2026-05-25,2026-02-14,15
1377,C224,Beauty item 13,Beauty,420000.0,1,21000,2026-02-13,2026-02-12,13
1378,C224,Beauty item 21,Beauty,29000.0,1,29000,2026-03-26,2026-02-12,21
1379,C224,Electronics item 46,Electronics,,1,50000,2026-05-05,2026-02-12,46
1380,C224,Sports item 27,Sports,33000.0,3,99000,2026-06-15,2026-02-12,27
1381,C225,Beauty item 18,Beauty,26000.0,1,26000,2026-02-01,2026-01-31,18
1382,C225,Beauty item 22,Beauty,30000.0,1,30000,2026-03-18,2026-01-31,22
1383,C225,Beauty item 13,Beauty,21000.0,2,42000,2026-05-01,2026-01-31,13
1384,C225,Sports item 31,Sports,37000.0,1,37000,2026-06-15,2026-01-31,31
1385,C226,Beauty item 16,Beauty,24000.0,2,48000,2026-01-16,2026-01-15,16
1386,C226,Sports item 26,Sports,32000.0,1,32000,2026-02-18,2026-01-15,26
1387,C226,Beauty item 17,Beauty,25000.0,1,25000,2026-03-23,2026-01-15,17
1388,C226,Beauty item 15,Beauty,23000.0,2,46000,2026-04-25,2026-01-15,15
1389,C227,Electronics item 46,Electronics,50000.0,3,150000,2026-03-02,2026-03-01,46
1390,C227,Beauty item 16,Beauty,24000.0,2,48000,2026-04-06,2026-03-01,16
1391,C227,Home item 3,Home,13000.0,2,26000,2026-05-10,2026-03-01,3
1392,C227,Beauty item 18,Beauty,26000.0,2,52000,2026-06-14,2026-03-01,18
1393,C228,Sports item 25,Sports,,1,31000,2026-02-27,2026-02-26,25
1394,C228,Home item 4,Home,14000.0,1,14000,2026-03-19,2026-02-26,4
1395,C228,Beauty item 14,Beauty,22000.0,2,44000,2026-04-07,2026-02-26,14
1396,C228,Home item 7,Home,17000.0,1,17000,2026-04-27,2026-02-26,7
1397,C229,Sports item 24,Sports,,3,90000,2026-01-02,2026-01-01,24
1398,C229,Sports item 34,Sports,40000.0,2,80000,2026-02-23,2026-01-01,34
1399,C229,Electronics item 46,Electronics,50000.0,1,50000,2026-04-15,2026-01-01,46
1400,C229,Beauty item 18,Beauty,26000.0,2,52000,2026-06-06,2026-01-01,18
1401,C230,Electronics item 41,Electronics,45000.0,1,45000,2026-02-12,2026-02-11,41
1402,C230,Home item 10,Home,20000.0,2,40000,2026-03-26,2026-02-11,10
1403,C230,Electronics item 37,Electronics,41000.0,3,123000,2026-05-06,2026-02-11,37
1404,C230,Sports item 27,Sports,33000.0,1,33000,2026-06-17,2026-02-11,27
1405,C231,Electronics item 36,Electronics,40000.0,2,80000,2026-01-29,2026-01-28,36
1406,C231,Electronics item 36,Electronics,40000.0,1,40000,2026-03-12,2026-01-28,36
1407,C231,Sports item 25,Sports,31000.0,2,62000,2026-04-23,2026-01-28,25
1408,C231,Beauty item 12,Beauty,20000.0,1,20000,2026-06-04,2026-01-28,12
1409,C232,Sports item 25,Sports,31000.0,2,62000,2026-01-19,2026-01-18,25
1410,C232,Electronics item 39,Electronics,43000.0,2,86000,2026-02-27,2026-01-18,39
1411,C232,Electronics item 46,Electronics,50000.0,1,50000,2026-04-08,2026-01-18,46
1412,C232,Electronics item 44,Electronics,48000.0,2,96000,2026-05-17,2026-01-18,44
1413,C233,Home item 8,Home,18000.0,3,54000,2026-03-13,2026-03-12,8
1414,C233,Sports item 28,Sports,34000.0,3,102000,2026-04-07,2026-03-12,28
1415,C233,Home item 5,Home,15000.0,1,15000,2026-05-03,2026-03-12,5
1416,C233,Sports item 32,Sports,38000.0,2,76000,2026-05-28,2026-03-12,32
1417,C234,Electronics item 47,Electronics,51000.0,3,153000,2026-02-23,2026-02-22,47
1418,C234,Home item 2,Home,12000.0,2,24000,2026-03-19,2026-02-22,2
1419,C234,Sports item 31,Sports,37000.0,1,37000,2026-04-12,2026-02-22,31
1420,C234,Electronics item 45,Electronics,49000.0,2,98000,2026-05-06,2026-02-22,45
1421,C235,Electronics item 40,Electronics,44000.0,1,44000,2026-03-06,2026-03-05,40
1422,C235,Beauty item 18,Beauty,26000.0,1,26000,2026-03-30,2026-03-05,18
1423,C235,Home item 4,Home,14000.0,2,28000,2026-04-23,2026-03-05,4
1424,C235,Electronics item 44,Electronics,,2,96000,2026-05-17,2026-03-05,44
1425,C236,Electronics item 44,Electronics,48000.0,3,144000,2026-03-14,2026-03-13,44
1426,C236,Sports item 27,Sports,33000.0,2,66000,2026-04-08,2026-03-13,27
1427,C236,Electronics item 46,Electronics,50000.0,3,150000,2026-05-04,2026-03-13,46
1428,C236,Home item 0,Home,10000.0,2,20000,2026-05-29,2026-03-13,0
1429,C237,Sports item 29,Sports,35000.0,3,105000,2026-04-10,2026-04-09,29
1430,C237,Home item 1,Home,11000.0,1,11000,2026-04-22,2026-04-09,1
1431,C237,Electronics item 44,Electronics,48000.0,1,48000,2026-05-03,2026-04-09,44
1432,C237,Sports item 32,Sports,38000.0,3,114000,2026-05-15,2026-04-09,32
1433,C238,Electronics item 43,Electronics,47000.0,3,141000,2026-03-23,2026-03-22,43
1434,C238,Sports item 27,Sports,33000.0,3,99000,2026-04-03,2026-03-22,27
1435,C238,Home item 3,Home,13000.0,1,13000,2026-04-14,2026-03-22,3
1436,C238,Home item 1,Home,11000.0,1,11000,2026-04-25,2026-03-22,1
1437,C239,Beauty item 16,Beauty,24000.0,3,72000,2026-03-05,2026-03-04,16
1438,C239,Sports item 35,Sports,41000.0,2,82000,2026-04-02,2026-03-04,35
1439,C239,Home item 7,Home,17000.0,1,17000,2026-05-01,2026-03-04,7
1440,C239,Electronics item 40,Electronics,44000.0,3,132000,2026-05-29,2026-03-04,40
